-- --------------------------------------------------------
-- Host:                         127.0.0.1
-- Server version:               10.4.32-MariaDB - mariadb.org binary distribution
-- Server OS:                    Win64
-- HeidiSQL Version:             12.8.0.6908
-- --------------------------------------------------------

/*!40101 SET @OLD_CHARACTER_SET_CLIENT=@@CHARACTER_SET_CLIENT */;
/*!40101 SET NAMES utf8 */;
/*!50503 SET NAMES utf8mb4 */;
/*!40103 SET @OLD_TIME_ZONE=@@TIME_ZONE */;
/*!40103 SET TIME_ZONE='+00:00' */;
/*!40014 SET @OLD_FOREIGN_KEY_CHECKS=@@FOREIGN_KEY_CHECKS, FOREIGN_KEY_CHECKS=0 */;
/*!40101 SET @OLD_SQL_MODE=@@SQL_MODE, SQL_MODE='NO_AUTO_VALUE_ON_ZERO' */;
/*!40111 SET @OLD_SQL_NOTES=@@SQL_NOTES, SQL_NOTES=0 */;


-- Dumping database structure for psu_blue_cafe
CREATE DATABASE IF NOT EXISTS `psu_blue_cafe` /*!40100 DEFAULT CHARACTER SET utf8mb4 COLLATE utf8mb4_general_ci */;
USE `psu_blue_cafe`;

-- Dumping structure for table psu_blue_cafe.attendance
CREATE TABLE IF NOT EXISTS `attendance` (
  `attendance_id` int(11) NOT NULL AUTO_INCREMENT,
  `user_id` int(11) NOT NULL,
  `date_in` date NOT NULL,
  `time_in` time NOT NULL,
  `date_out` date NOT NULL,
  `time_out` time NOT NULL,
  PRIMARY KEY (`attendance_id`),
  KEY `fk_attendance_user` (`user_id`),
  CONSTRAINT `fk_attendance_user` FOREIGN KEY (`user_id`) REFERENCES `users` (`user_id`) ON DELETE CASCADE ON UPDATE CASCADE
) ENGINE=InnoDB AUTO_INCREMENT=10 DEFAULT CHARSET=utf8mb4 COLLATE=utf8mb4_unicode_ci;

-- Dumping data for table psu_blue_cafe.attendance: ~5 rows (approximately)
REPLACE INTO `attendance` (`attendance_id`, `user_id`, `date_in`, `time_in`, `date_out`, `time_out`) VALUES
	(1, 3, '2025-08-27', '21:23:37', '2025-08-27', '21:23:48'),
	(2, 3, '2025-08-27', '21:24:42', '2025-08-27', '21:24:45'),
	(3, 3, '2025-08-27', '23:11:49', '2025-08-28', '12:10:26'),
	(4, 3, '2025-09-01', '16:55:44', '2025-09-01', '16:55:45');

-- Dumping structure for table psu_blue_cafe.categories
CREATE TABLE IF NOT EXISTS `categories` (
  `category_id` int(11) NOT NULL AUTO_INCREMENT,
  `category_name` varchar(100) NOT NULL,
  PRIMARY KEY (`category_id`)
) ENGINE=InnoDB AUTO_INCREMENT=6 DEFAULT CHARSET=utf8mb4 COLLATE=utf8mb4_unicode_ci;

-- Dumping data for table psu_blue_cafe.categories: ~5 rows (approximately)
REPLACE INTO `categories` (`category_id`, `category_name`) VALUES
	(1, 'MATCHA'),
	(2, 'TEA & COFFEE'),
	(3, 'ITALIAN SODA'),
	(4, 'NON COFFEE'),
	(5, 'Other');

-- Dumping structure for table psu_blue_cafe.menu
CREATE TABLE IF NOT EXISTS `menu` (
  `menu_id` int(11) NOT NULL AUTO_INCREMENT,
  `category_id` int(11) NOT NULL,
  `name` varchar(100) NOT NULL,
  `price` decimal(10,2) NOT NULL,
  `description` varchar(255) DEFAULT NULL,
  `image` varchar(255) DEFAULT NULL,
  `is_active` tinyint(1) NOT NULL DEFAULT 1,
  PRIMARY KEY (`menu_id`),
  KEY `fk_menu_category` (`category_id`),
  CONSTRAINT `fk_menu_category` FOREIGN KEY (`category_id`) REFERENCES `categories` (`category_id`) ON DELETE CASCADE ON UPDATE CASCADE
) ENGINE=InnoDB AUTO_INCREMENT=24 DEFAULT CHARSET=utf8mb4 COLLATE=utf8mb4_unicode_ci;

-- Dumping data for table psu_blue_cafe.menu: ~17 rows (approximately)
REPLACE INTO `menu` (`menu_id`, `category_id`, `name`, `price`, `description`, `image`, `is_active`) VALUES
	(7, 2, 'ชาไทย', 40.00, NULL, '1755537032_3d7ed429ef.jpg', 1),
	(8, 3, 'โซดาพาณิชย์', 40.00, NULL, '1755537089_9564a8f184.png', 1),
	(9, 1, 'มัทฉะลาเต้', 40.00, NULL, '1756375083_7f688ce59c.jpg', 1),
	(10, 1, 'มัทฉะมะพร้าว', 40.00, NULL, '1756375212_b66ec3274f.webp', 1),
	(11, 2, 'ชาเขียวนม', 40.00, NULL, '1756375242_55470ce83d.webp', 1),
	(12, 2, 'ชาดำ', 40.00, NULL, '1756375310_d7f1afc2dd.jpg', 1),
	(13, 2, 'ชามะนาว', 40.00, NULL, '1756375400_68ae94caf9.jpg', 1),
	(14, 2, 'Blue Americano', 40.00, NULL, '1756375424_cea13ebdd0.jpg', 1),
	(15, 3, 'โซดาถาปัตย์', 40.00, NULL, '1756375482_bc30f29139.png', 1),
	(16, 3, 'บ๊วยโซดา', 40.00, NULL, '1756375550_2e6dff320e.jpeg', 1),
	(17, 4, 'โอวัลตินเย็น', 40.00, NULL, '1756375572_0be3f31ec9.jpg', 1),
	(18, 4, 'โกโก้เย็น', 40.00, NULL, '1756375625_841d0a2bb6.jpg', 1),
	(19, 4, 'นมชมพู', 40.00, NULL, '1756375656_0e4115762a.webp', 1),
	(20, 4, 'มะพร้าวโยเกิร์ต', 40.00, NULL, '1756375737_60eba06c92.jpg', 1),
	(21, 4, 'นมสตรอเบอร์รี่', 40.00, NULL, '1756375829_f25d6dd63e.png', 1),
	(22, 5, 'เสาวรสโซดา', 40.00, NULL, '1756375860_d9521e3685.webp', 1),
	(23, 5, 'ชาเขียวลิ้นจี่', 40.00, NULL, '1756375918_63045893fa.png', 1);

-- Dumping structure for table psu_blue_cafe.orders
CREATE TABLE IF NOT EXISTS `orders` (
  `order_id` int(11) NOT NULL AUTO_INCREMENT,
  `user_id` int(11) NOT NULL,
  `order_time` datetime NOT NULL DEFAULT current_timestamp(),
  `status` enum('pending','ready','canceled') NOT NULL DEFAULT 'pending',
  `total_price` decimal(10,2) NOT NULL,
  `updated_at` datetime(6) NOT NULL DEFAULT current_timestamp(6) ON UPDATE current_timestamp(6),
  PRIMARY KEY (`order_id`),
  KEY `fk_orders_user` (`user_id`),
  KEY `idx_orders_updated_at` (`updated_at`),
  KEY `idx_orders_user_updated` (`user_id`,`updated_at`,`status`),
  KEY `idx_orders_feed` (`user_id`,`updated_at`,`order_id`),
  CONSTRAINT `fk_orders_user` FOREIGN KEY (`user_id`) REFERENCES `users` (`user_id`) ON DELETE CASCADE ON UPDATE CASCADE
) ENGINE=InnoDB AUTO_INCREMENT=323 DEFAULT CHARSET=utf8mb4 COLLATE=utf8mb4_unicode_ci;

-- Dumping data for table psu_blue_cafe.orders: ~320 rows (approximately)
REPLACE INTO `orders` (`order_id`, `user_id`, `order_time`, `status`, `total_price`, `updated_at`) VALUES
	(1, 4, '2025-08-19 00:45:00', 'ready', 80.00, '2025-08-24 22:35:02.000000'),
	(2, 4, '2025-08-19 00:48:53', 'ready', 40.00, '2025-08-24 22:35:03.000000'),
	(3, 4, '2025-08-19 01:27:52', 'ready', 240.00, '2025-08-24 22:34:27.000000'),
	(4, 5, '2025-08-24 22:34:07', 'ready', 40.00, '2025-08-24 22:34:19.000000'),
	(5, 5, '2025-08-24 22:35:01', 'ready', 40.00, '2025-08-24 22:35:04.000000'),
	(6, 5, '2025-08-24 22:35:31', 'ready', 40.00, '2025-08-24 22:35:38.000000'),
	(7, 5, '2025-08-24 22:35:45', 'ready', 40.00, '2025-08-24 22:35:55.000000'),
	(8, 5, '2025-08-24 22:36:04', 'ready', 40.00, '2025-08-25 13:28:27.000000'),
	(9, 5, '2025-08-24 22:36:07', 'ready', 40.00, '2025-08-25 14:00:29.000000'),
	(10, 5, '2025-08-24 22:36:09', 'ready', 40.00, '2025-08-24 22:36:13.000000'),
	(11, 3, '2025-08-25 13:59:38', 'ready', 40.00, '2025-08-25 13:59:42.000000'),
	(12, 3, '2025-08-25 13:59:56', 'ready', 40.00, '2025-08-25 13:59:59.000000'),
	(13, 3, '2025-08-25 14:00:12', 'ready', 40.00, '2025-08-25 14:00:28.000000'),
	(14, 3, '2025-08-25 14:00:14', 'ready', 40.00, '2025-08-25 14:00:17.000000'),
	(15, 3, '2025-08-25 14:00:33', 'ready', 40.00, '2025-08-25 14:00:50.000000'),
	(16, 3, '2025-08-25 14:00:44', 'ready', 40.00, '2025-08-25 14:00:50.000000'),
	(17, 3, '2025-08-26 12:57:10', 'ready', 40.00, '2025-08-26 12:57:33.000000'),
	(18, 3, '2025-08-26 12:59:10', 'ready', 80.00, '2025-08-26 13:19:05.000000'),
	(19, 3, '2025-08-26 13:19:15', 'ready', 40.00, '2025-08-26 13:19:39.000000'),
	(20, 3, '2025-08-26 13:27:03', 'ready', 40.00, '2025-08-26 13:44:54.000000'),
	(21, 3, '2025-08-26 13:40:30', 'ready', 40.00, '2025-08-26 13:44:54.000000'),
	(22, 3, '2025-08-26 13:42:15', 'ready', 40.00, '2025-08-26 13:44:53.000000'),
	(23, 3, '2025-08-26 13:42:41', 'ready', 40.00, '2025-08-26 13:44:51.000000'),
	(24, 3, '2025-08-26 13:43:54', 'ready', 40.00, '2025-08-26 13:43:57.000000'),
	(25, 3, '2025-08-27 18:17:21', 'ready', 40.00, '2025-08-27 18:17:34.000000'),
	(26, 3, '2025-08-27 20:01:53', 'ready', 80.00, '2025-08-27 20:02:08.000000'),
	(27, 3, '2025-08-27 20:03:14', 'ready', 40.00, '2025-08-27 20:03:34.000000'),
	(28, 3, '2025-08-27 20:04:06', 'ready', 40.00, '2025-08-27 20:04:21.000000'),
	(29, 3, '2025-08-27 20:04:31', 'ready', 40.00, '2025-08-27 20:04:47.000000'),
	(30, 3, '2025-08-27 20:07:12', 'ready', 40.00, '2025-08-27 20:07:45.000000'),
	(31, 3, '2025-08-27 20:21:02', 'ready', 80.00, '2025-08-27 20:22:01.000000'),
	(32, 3, '2025-08-27 20:22:34', 'ready', 40.00, '2025-08-27 20:22:49.000000'),
	(33, 3, '2025-08-27 20:23:20', 'ready', 40.00, '2025-08-27 20:24:04.000000'),
	(34, 3, '2025-08-27 20:28:05', 'ready', 40.00, '2025-08-27 20:28:30.000000'),
	(35, 3, '2025-08-27 20:28:50', 'ready', 40.00, '2025-08-27 20:30:43.000000'),
	(36, 3, '2025-08-27 20:30:48', 'ready', 40.00, '2025-08-27 20:31:13.000000'),
	(37, 3, '2025-08-27 20:31:58', 'ready', 40.00, '2025-08-27 20:32:27.000000'),
	(38, 3, '2025-08-27 20:35:16', 'ready', 40.00, '2025-08-27 20:35:52.000000'),
	(39, 3, '2025-08-27 20:42:30', 'ready', 40.00, '2025-08-27 20:43:23.000000'),
	(40, 3, '2025-08-27 20:43:35', 'ready', 40.00, '2025-08-27 20:43:38.000000'),
	(41, 3, '2025-08-27 20:44:12', 'ready', 40.00, '2025-08-27 20:44:14.000000'),
	(42, 3, '2025-08-27 20:44:22', 'ready', 40.00, '2025-08-27 20:44:24.000000'),
	(43, 3, '2025-08-27 20:44:39', 'ready', 40.00, '2025-08-27 20:44:41.000000'),
	(44, 3, '2025-08-27 20:45:38', 'ready', 40.00, '2025-08-27 20:45:40.000000'),
	(45, 3, '2025-08-27 20:45:52', 'ready', 40.00, '2025-08-27 20:45:54.000000'),
	(46, 3, '2025-08-27 20:47:01', 'ready', 40.00, '2025-08-27 20:47:03.000000'),
	(47, 3, '2025-08-27 20:50:39', 'ready', 200.00, '2025-08-27 20:50:42.000000'),
	(48, 3, '2025-08-27 20:51:29', 'ready', 40.00, '2025-08-27 20:53:06.000000'),
	(49, 3, '2025-08-27 20:58:18', 'ready', 80.00, '2025-08-27 21:00:43.000000'),
	(50, 3, '2025-08-27 21:00:58', 'ready', 40.00, '2025-08-27 21:01:01.000000'),
	(51, 3, '2025-08-27 21:01:09', 'ready', 40.00, '2025-08-27 21:01:11.000000'),
	(52, 3, '2025-08-27 21:01:17', 'ready', 40.00, '2025-08-27 21:01:19.000000'),
	(53, 3, '2025-08-27 21:01:23', 'ready', 40.00, '2025-08-27 21:04:28.000000'),
	(54, 3, '2025-08-27 21:04:32', 'ready', 40.00, '2025-08-27 21:04:34.000000'),
	(55, 3, '2025-08-27 21:04:49', 'ready', 40.00, '2025-08-27 21:04:51.000000'),
	(56, 3, '2025-08-27 21:05:15', 'ready', 40.00, '2025-08-27 21:05:22.000000'),
	(57, 3, '2025-08-27 21:05:34', 'ready', 40.00, '2025-08-27 21:06:14.000000'),
	(58, 3, '2025-08-27 21:06:00', 'canceled', 40.00, '2025-08-27 21:06:15.000000'),
	(59, 3, '2025-08-27 21:06:05', 'ready', 40.00, '2025-08-27 21:10:09.000000'),
	(60, 3, '2025-08-27 21:10:11', 'ready', 40.00, '2025-08-27 21:10:13.000000'),
	(61, 3, '2025-08-27 21:10:19', 'ready', 40.00, '2025-08-27 21:10:20.000000'),
	(62, 3, '2025-08-27 21:10:27', 'ready', 40.00, '2025-08-27 21:10:28.000000'),
	(63, 3, '2025-08-27 21:10:36', 'ready', 40.00, '2025-08-27 21:10:38.000000'),
	(64, 3, '2025-08-27 21:10:51', 'ready', 80.00, '2025-08-27 21:10:59.000000'),
	(65, 3, '2025-08-27 21:11:10', 'ready', 200.00, '2025-08-27 21:11:14.000000'),
	(66, 3, '2025-08-27 23:29:26', 'ready', 40.00, '2025-08-27 23:29:29.000000'),
	(67, 3, '2025-08-27 23:40:42', 'ready', 40.00, '2025-08-27 23:40:51.000000'),
	(68, 3, '2025-08-27 23:42:53', 'ready', 80.00, '2025-08-27 23:43:14.000000'),
	(69, 3, '2025-08-27 23:47:29', 'ready', 40.00, '2025-08-27 23:50:08.000000'),
	(70, 3, '2025-08-28 12:08:06', 'ready', 40.00, '2025-08-28 12:10:00.000000'),
	(71, 3, '2025-08-28 12:08:16', 'ready', 40.00, '2025-08-28 12:09:59.000000'),
	(72, 3, '2025-08-28 12:11:26', 'ready', 40.00, '2025-08-28 12:11:29.000000'),
	(73, 3, '2025-08-28 16:28:54', 'ready', 280.00, '2025-08-30 15:04:56.000000'),
	(74, 3, '2025-08-28 16:30:35', 'ready', 200.00, '2025-08-30 15:04:55.000000'),
	(75, 3, '2025-08-28 16:30:45', 'ready', 160.00, '2025-08-30 15:04:55.000000'),
	(76, 3, '2025-08-28 16:30:55', 'ready', 120.00, '2025-08-30 15:04:54.000000'),
	(77, 3, '2025-08-28 19:59:58', 'ready', 120.00, '2025-08-30 15:04:53.000000'),
	(78, 3, '2025-08-29 01:00:17', 'ready', 440.00, '2025-08-30 15:04:52.000000'),
	(79, 3, '2025-08-30 11:52:29', 'ready', 40.00, '2025-08-30 15:04:51.000000'),
	(80, 3, '2025-08-30 11:54:53', 'ready', 40.00, '2025-08-30 15:04:51.000000'),
	(81, 3, '2025-08-30 12:57:46', 'ready', 160.00, '2025-08-30 15:04:50.000000'),
	(82, 3, '2025-08-30 19:06:09', 'ready', 40.00, '2025-08-30 19:06:33.000000'),
	(83, 3, '2025-08-30 19:07:44', 'ready', 80.00, '2025-08-30 19:07:57.000000'),
	(84, 3, '2025-08-30 19:08:01', 'ready', 40.00, '2025-08-30 19:09:08.000000'),
	(85, 3, '2025-08-30 19:08:05', 'ready', 40.00, '2025-08-30 19:09:08.000000'),
	(86, 3, '2025-08-30 19:08:07', 'ready', 40.00, '2025-08-30 19:09:08.000000'),
	(87, 3, '2025-08-30 19:08:10', 'ready', 40.00, '2025-08-30 19:09:07.000000'),
	(88, 3, '2025-08-30 19:08:12', 'ready', 40.00, '2025-08-30 19:09:07.000000'),
	(89, 3, '2025-08-30 19:08:14', 'ready', 40.00, '2025-08-30 19:09:06.000000'),
	(90, 3, '2025-08-30 19:08:15', 'ready', 40.00, '2025-08-30 19:09:06.000000'),
	(91, 3, '2025-08-30 19:08:15', 'ready', 40.00, '2025-08-30 19:09:06.000000'),
	(92, 3, '2025-08-30 19:08:16', 'ready', 40.00, '2025-08-30 19:09:05.000000'),
	(93, 3, '2025-08-30 19:08:17', 'ready', 40.00, '2025-08-30 19:09:05.000000'),
	(94, 3, '2025-08-30 19:08:18', 'ready', 40.00, '2025-08-30 19:09:05.000000'),
	(95, 3, '2025-08-30 19:08:19', 'ready', 40.00, '2025-08-30 19:09:04.000000'),
	(96, 3, '2025-08-30 19:08:27', 'ready', 40.00, '2025-08-30 19:09:04.000000'),
	(97, 3, '2025-08-30 19:08:48', 'ready', 40.00, '2025-08-30 19:09:04.000000'),
	(98, 3, '2025-08-30 19:08:54', 'ready', 40.00, '2025-08-30 19:09:03.000000'),
	(99, 3, '2025-08-30 19:08:56', 'ready', 40.00, '2025-08-30 19:09:03.000000'),
	(100, 3, '2025-08-30 19:08:57', 'ready', 40.00, '2025-08-30 19:09:02.000000'),
	(101, 3, '2025-08-30 19:08:58', 'ready', 40.00, '2025-08-30 19:09:02.000000'),
	(102, 3, '2025-08-30 19:08:59', 'ready', 40.00, '2025-08-30 19:09:02.000000'),
	(103, 3, '2025-08-30 19:09:00', 'ready', 40.00, '2025-08-30 19:09:01.000000'),
	(104, 3, '2025-08-30 19:09:11', 'ready', 40.00, '2025-09-01 12:03:38.000000'),
	(105, 3, '2025-08-30 19:09:12', 'ready', 40.00, '2025-09-01 12:03:37.000000'),
	(106, 3, '2025-08-30 19:09:13', 'ready', 40.00, '2025-09-01 12:03:37.000000'),
	(107, 3, '2025-08-30 19:09:13', 'ready', 40.00, '2025-09-01 12:03:37.000000'),
	(108, 3, '2025-08-30 19:09:14', 'ready', 40.00, '2025-09-01 12:03:36.000000'),
	(109, 3, '2025-08-30 19:09:15', 'ready', 40.00, '2025-09-01 12:03:36.000000'),
	(110, 3, '2025-08-30 19:09:15', 'ready', 40.00, '2025-09-01 12:03:36.000000'),
	(111, 3, '2025-08-30 19:09:16', 'ready', 40.00, '2025-09-01 12:03:35.000000'),
	(112, 3, '2025-08-30 19:09:16', 'ready', 40.00, '2025-09-01 12:03:35.000000'),
	(113, 3, '2025-08-30 19:09:17', 'ready', 40.00, '2025-09-01 12:03:34.000000'),
	(114, 3, '2025-08-30 19:09:17', 'ready', 40.00, '2025-09-01 12:03:34.000000'),
	(115, 3, '2025-08-30 19:09:18', 'ready', 40.00, '2025-09-01 12:03:32.000000'),
	(116, 3, '2025-08-30 19:09:18', 'ready', 40.00, '2025-09-01 12:03:31.000000'),
	(117, 3, '2025-08-30 19:09:18', 'ready', 40.00, '2025-09-01 12:03:31.000000'),
	(118, 3, '2025-08-30 19:09:19', 'ready', 40.00, '2025-09-01 12:03:30.000000'),
	(119, 3, '2025-08-30 19:09:20', 'ready', 40.00, '2025-09-01 12:03:11.000000'),
	(120, 3, '2025-08-30 19:09:23', 'ready', 40.00, '2025-08-30 19:09:50.000000'),
	(121, 3, '2025-08-30 19:09:27', 'ready', 40.00, '2025-08-30 19:09:50.000000'),
	(122, 3, '2025-08-30 19:10:16', 'ready', 120.00, '2025-08-30 22:11:41.000000'),
	(123, 3, '2025-08-30 19:10:59', 'ready', 80.00, '2025-08-30 22:11:40.000000'),
	(124, 3, '2025-08-30 19:11:01', 'ready', 40.00, '2025-08-30 22:11:39.000000'),
	(125, 3, '2025-08-30 19:11:02', 'ready', 40.00, '2025-08-30 22:11:39.000000'),
	(126, 3, '2025-08-30 19:11:03', 'ready', 40.00, '2025-08-30 22:11:38.000000'),
	(127, 3, '2025-08-30 19:11:04', 'ready', 40.00, '2025-08-30 22:11:38.000000'),
	(128, 3, '2025-08-30 19:11:06', 'ready', 40.00, '2025-08-30 22:11:38.000000'),
	(129, 3, '2025-08-30 19:13:40', 'ready', 40.00, '2025-08-30 22:11:36.000000'),
	(130, 3, '2025-08-30 19:13:41', 'ready', 40.00, '2025-08-30 22:11:37.000000'),
	(131, 3, '2025-08-30 19:13:43', 'ready', 40.00, '2025-08-30 22:11:35.000000'),
	(132, 3, '2025-08-30 22:30:12', 'ready', 40.00, '2025-09-01 12:03:10.000000'),
	(133, 3, '2025-08-30 22:30:15', 'ready', 80.00, '2025-08-31 01:43:21.000000'),
	(134, 3, '2025-08-30 22:30:31', 'ready', 40.00, '2025-08-31 01:43:20.000000'),
	(135, 3, '2025-08-30 23:09:47', 'ready', 40.00, '2025-08-31 01:43:19.000000'),
	(136, 3, '2025-08-31 01:43:42', 'ready', 80.00, '2025-09-01 12:01:36.000000'),
	(137, 3, '2025-08-31 01:43:45', 'ready', 40.00, '2025-09-01 12:01:36.000000'),
	(138, 3, '2025-09-01 12:01:00', 'ready', 200.00, '2025-09-01 12:01:35.000000'),
	(139, 3, '2025-09-01 12:03:28', 'ready', 40.00, '2025-09-01 12:03:30.000000'),
	(140, 3, '2025-09-01 12:03:41', 'ready', 40.00, '2025-09-01 12:03:43.000000'),
	(141, 3, '2025-09-01 12:07:32', 'ready', 40.00, '2025-09-01 12:11:18.000000'),
	(142, 3, '2025-09-01 12:07:34', 'ready', 40.00, '2025-09-01 12:11:17.000000'),
	(143, 3, '2025-09-01 12:07:36', 'ready', 40.00, '2025-09-01 12:09:08.000000'),
	(144, 3, '2025-09-01 12:11:50', 'ready', 40.00, '2025-09-01 12:41:26.000000'),
	(145, 3, '2025-09-01 12:11:51', 'ready', 40.00, '2025-09-01 12:41:26.000000'),
	(146, 3, '2025-09-01 12:11:52', 'ready', 40.00, '2025-09-01 12:39:55.000000'),
	(147, 3, '2025-09-01 12:11:53', 'ready', 40.00, '2025-09-01 12:39:54.000000'),
	(148, 3, '2025-09-01 12:11:54', 'ready', 40.00, '2025-09-01 12:24:53.000000'),
	(149, 3, '2025-09-01 12:11:55', 'ready', 40.00, '2025-09-01 12:24:53.000000'),
	(150, 3, '2025-09-01 12:12:43', 'ready', 40.00, '2025-09-01 12:24:52.000000'),
	(151, 3, '2025-09-01 12:12:45', 'ready', 40.00, '2025-09-01 12:22:49.000000'),
	(152, 3, '2025-09-01 12:12:46', 'ready', 40.00, '2025-09-01 12:12:52.000000'),
	(153, 3, '2025-09-01 12:12:47', 'ready', 40.00, '2025-09-01 12:12:51.000000'),
	(154, 3, '2025-09-01 12:22:30', 'ready', 120.00, '2025-09-01 12:22:48.000000'),
	(155, 3, '2025-09-01 13:44:32', 'ready', 80.00, '2025-09-01 13:44:34.000000'),
	(156, 3, '2025-09-01 13:44:41', 'canceled', 40.00, '2025-09-01 17:09:17.000000'),
	(157, 3, '2025-09-01 13:44:43', 'canceled', 40.00, '2025-09-01 17:09:17.000000'),
	(158, 3, '2025-09-01 13:44:45', 'canceled', 40.00, '2025-09-01 17:09:16.000000'),
	(159, 3, '2025-09-01 13:44:49', 'canceled', 40.00, '2025-09-01 17:09:16.000000'),
	(160, 3, '2025-09-01 13:44:52', 'canceled', 40.00, '2025-09-01 17:09:16.000000'),
	(161, 3, '2025-09-01 13:44:57', 'canceled', 40.00, '2025-09-01 17:09:15.000000'),
	(162, 3, '2025-09-01 13:44:59', 'canceled', 40.00, '2025-09-01 17:09:15.000000'),
	(163, 3, '2025-09-01 13:45:00', 'ready', 40.00, '2025-09-01 13:45:57.000000'),
	(164, 3, '2025-09-01 13:45:24', 'ready', 40.00, '2025-09-01 13:45:57.000000'),
	(165, 3, '2025-09-01 13:46:00', 'canceled', 40.00, '2025-09-01 17:09:14.000000'),
	(166, 3, '2025-09-01 13:46:11', 'canceled', 40.00, '2025-09-01 17:09:14.000000'),
	(167, 3, '2025-09-01 13:46:12', 'canceled', 40.00, '2025-09-01 17:09:13.000000'),
	(168, 3, '2025-09-01 13:46:16', 'canceled', 40.00, '2025-09-01 17:09:11.000000'),
	(169, 3, '2025-09-01 13:46:23', 'ready', 40.00, '2025-09-01 17:09:10.000000'),
	(170, 3, '2025-09-01 13:46:25', 'ready', 40.00, '2025-09-01 17:09:10.000000'),
	(171, 3, '2025-09-01 13:46:25', 'ready', 40.00, '2025-09-01 17:09:09.000000'),
	(172, 3, '2025-09-01 13:46:26', 'ready', 40.00, '2025-09-01 17:09:09.000000'),
	(173, 3, '2025-09-01 13:46:27', 'ready', 40.00, '2025-09-01 13:47:53.000000'),
	(174, 3, '2025-09-01 13:46:28', 'ready', 40.00, '2025-09-01 13:47:53.000000'),
	(175, 3, '2025-09-01 13:46:32', 'ready', 40.00, '2025-09-01 13:47:52.000000'),
	(176, 3, '2025-09-01 13:47:55', 'ready', 40.00, '2025-09-01 17:09:09.000000'),
	(177, 3, '2025-09-01 13:47:57', 'ready', 40.00, '2025-09-01 17:09:08.000000'),
	(178, 3, '2025-09-01 13:47:57', 'ready', 40.00, '2025-09-01 17:09:08.000000'),
	(179, 3, '2025-09-01 13:47:58', 'ready', 40.00, '2025-09-01 17:09:08.000000'),
	(180, 3, '2025-09-01 13:48:03', 'ready', 40.00, '2025-09-01 17:09:07.000000'),
	(181, 3, '2025-09-01 13:48:04', 'ready', 40.00, '2025-09-01 16:55:08.000000'),
	(182, 3, '2025-09-01 13:48:04', 'ready', 40.00, '2025-09-01 16:55:02.000000'),
	(183, 3, '2025-09-01 13:48:05', 'ready', 40.00, '2025-09-01 16:55:02.000000'),
	(184, 3, '2025-09-01 13:48:06', 'ready', 40.00, '2025-09-01 14:26:57.000000'),
	(185, 3, '2025-09-01 13:48:07', 'ready', 40.00, '2025-09-01 14:26:57.000000'),
	(186, 3, '2025-09-01 13:48:09', 'ready', 40.00, '2025-09-01 14:08:34.000000'),
	(187, 3, '2025-09-01 13:48:09', 'ready', 40.00, '2025-09-01 14:08:30.000000'),
	(188, 3, '2025-09-01 13:48:10', 'ready', 40.00, '2025-09-01 14:08:26.000000'),
	(189, 3, '2025-09-01 13:48:12', 'ready', 40.00, '2025-09-01 14:08:09.000000'),
	(190, 3, '2025-09-01 13:48:13', 'ready', 40.00, '2025-09-01 14:08:08.000000'),
	(191, 3, '2025-09-01 13:48:17', 'ready', 40.00, '2025-09-01 14:04:01.000000'),
	(192, 3, '2025-09-01 13:48:40', 'ready', 40.00, '2025-09-01 14:08:08.000000'),
	(193, 3, '2025-09-01 13:48:41', 'ready', 40.00, '2025-09-01 13:49:07.000000'),
	(194, 3, '2025-09-01 13:48:43', 'ready', 40.00, '2025-09-01 13:49:06.000000'),
	(195, 3, '2025-09-01 14:00:20', 'ready', 80.00, '2025-09-01 14:03:59.000000'),
	(196, 3, '2025-09-01 14:00:21', 'ready', 40.00, '2025-09-01 14:03:56.000000'),
	(197, 3, '2025-09-01 14:07:42', 'ready', 40.00, '2025-09-01 14:07:50.000000'),
	(198, 3, '2025-09-01 14:07:44', 'ready', 40.00, '2025-09-01 14:07:47.000000'),
	(199, 3, '2025-09-01 14:07:59', 'ready', 40.00, '2025-09-01 14:08:05.000000'),
	(200, 3, '2025-09-01 14:08:15', 'ready', 40.00, '2025-09-01 14:08:20.000000'),
	(201, 3, '2025-09-01 17:22:12', 'ready', 40.00, '2025-09-02 23:40:17.000000'),
	(202, 3, '2025-09-02 23:40:22', 'ready', 40.00, '2025-09-02 23:40:24.000000'),
	(203, 3, '2025-09-02 23:40:30', 'ready', 40.00, '2025-09-02 23:40:31.000000'),
	(204, 3, '2025-09-02 23:40:37', 'ready', 40.00, '2025-09-02 23:40:39.000000'),
	(205, 3, '2025-09-02 23:40:47', 'ready', 40.00, '2025-09-02 23:40:49.000000'),
	(206, 3, '2025-09-02 23:40:57', 'ready', 40.00, '2025-09-02 23:40:58.000000'),
	(207, 3, '2025-09-02 23:41:16', 'ready', 40.00, '2025-09-02 23:41:18.000000'),
	(208, 3, '2025-09-02 23:41:32', 'ready', 40.00, '2025-09-02 23:41:34.000000'),
	(209, 3, '2025-09-02 23:41:45', 'ready', 40.00, '2025-09-02 23:41:50.000000'),
	(210, 3, '2025-09-02 23:42:51', 'ready', 40.00, '2025-09-02 23:42:54.000000'),
	(211, 3, '2025-09-02 23:58:13', 'ready', 40.00, '2025-09-02 23:58:43.000000'),
	(212, 3, '2025-09-02 23:58:51', 'ready', 40.00, '2025-09-02 23:58:52.000000'),
	(213, 3, '2025-09-02 23:59:06', 'ready', 40.00, '2025-09-02 23:59:08.000000'),
	(214, 3, '2025-09-02 23:59:14', 'ready', 40.00, '2025-09-02 23:59:15.000000'),
	(215, 3, '2025-09-02 23:59:19', 'ready', 80.00, '2025-09-02 23:59:22.000000'),
	(216, 3, '2025-09-02 23:59:28', 'ready', 40.00, '2025-09-02 23:59:30.000000'),
	(217, 3, '2025-09-03 00:03:20', 'ready', 40.00, '2025-09-03 00:03:21.000000'),
	(218, 3, '2025-09-03 00:03:29', 'ready', 40.00, '2025-09-03 00:03:31.000000'),
	(219, 3, '2025-09-03 00:03:36', 'ready', 40.00, '2025-09-03 00:03:38.000000'),
	(220, 3, '2025-09-03 00:03:43', 'ready', 80.00, '2025-09-03 00:03:46.000000'),
	(221, 3, '2025-09-03 00:03:51', 'ready', 40.00, '2025-09-03 00:03:52.000000'),
	(222, 3, '2025-09-03 00:03:56', 'ready', 40.00, '2025-09-03 00:03:57.000000'),
	(223, 3, '2025-09-03 00:04:00', 'ready', 80.00, '2025-09-03 00:04:02.000000'),
	(224, 3, '2025-09-03 00:04:05', 'ready', 40.00, '2025-09-03 00:04:07.000000'),
	(225, 3, '2025-09-03 00:05:43', 'ready', 40.00, '2025-09-03 00:05:44.000000'),
	(226, 3, '2025-09-03 00:06:03', 'ready', 40.00, '2025-09-03 00:06:04.000000'),
	(227, 3, '2025-09-03 00:06:08', 'ready', 40.00, '2025-09-03 00:06:10.000000'),
	(228, 3, '2025-09-03 00:06:19', 'ready', 40.00, '2025-09-03 00:06:21.000000'),
	(229, 3, '2025-09-03 00:06:24', 'ready', 40.00, '2025-09-03 00:06:26.000000'),
	(230, 3, '2025-09-03 00:06:34', 'ready', 40.00, '2025-09-03 00:06:36.000000'),
	(231, 3, '2025-09-03 00:06:50', 'ready', 40.00, '2025-09-03 00:06:52.000000'),
	(232, 3, '2025-09-03 00:06:55', 'ready', 40.00, '2025-09-03 00:06:57.000000'),
	(233, 3, '2025-09-03 00:07:03', 'ready', 40.00, '2025-09-03 00:07:05.000000'),
	(234, 3, '2025-09-03 00:07:09', 'ready', 40.00, '2025-09-03 00:07:10.000000'),
	(235, 3, '2025-09-03 00:07:13', 'ready', 40.00, '2025-09-03 00:07:15.000000'),
	(236, 3, '2025-09-03 00:07:21', 'ready', 40.00, '2025-09-03 00:07:22.000000'),
	(237, 3, '2025-09-03 00:07:26', 'ready', 40.00, '2025-09-03 00:07:28.000000'),
	(238, 3, '2025-09-03 00:07:31', 'ready', 40.00, '2025-09-03 00:07:32.000000'),
	(239, 3, '2025-09-03 00:07:35', 'ready', 40.00, '2025-09-03 00:07:38.000000'),
	(240, 3, '2025-09-03 00:07:45', 'ready', 40.00, '2025-09-03 00:07:46.000000'),
	(241, 3, '2025-09-03 00:07:49', 'ready', 40.00, '2025-09-03 00:07:51.000000'),
	(242, 3, '2025-09-03 00:07:54', 'ready', 40.00, '2025-09-03 00:19:56.000000'),
	(243, 3, '2025-09-03 00:19:50', 'ready', 40.00, '2025-09-03 00:19:52.000000'),
	(244, 3, '2025-09-03 11:45:35', 'ready', 40.00, '2025-09-03 11:45:37.000000'),
	(245, 3, '2025-09-03 11:45:52', 'ready', 40.00, '2025-09-03 11:45:53.000000'),
	(246, 3, '2025-09-03 11:46:01', 'ready', 40.00, '2025-09-03 11:46:02.000000'),
	(247, 3, '2025-09-03 11:46:12', 'ready', 40.00, '2025-09-03 11:46:13.000000'),
	(248, 3, '2025-09-03 11:46:17', 'ready', 40.00, '2025-09-03 11:46:19.000000'),
	(249, 3, '2025-09-03 11:46:40', 'ready', 40.00, '2025-09-03 11:46:41.000000'),
	(250, 3, '2025-09-03 11:46:47', 'ready', 40.00, '2025-09-03 11:46:53.000000'),
	(251, 3, '2025-09-03 11:46:51', 'ready', 40.00, '2025-09-03 11:46:52.000000'),
	(252, 3, '2025-09-03 11:47:15', 'ready', 40.00, '2025-09-03 11:47:17.000000'),
	(253, 3, '2025-09-03 11:49:24', 'ready', 40.00, '2025-09-03 11:49:25.000000'),
	(254, 3, '2025-09-03 11:49:50', 'ready', 40.00, '2025-09-03 11:49:52.000000'),
	(255, 3, '2025-09-03 11:50:01', 'ready', 40.00, '2025-09-03 11:50:03.000000'),
	(256, 3, '2025-09-03 11:50:12', 'ready', 40.00, '2025-09-03 11:50:14.000000'),
	(257, 3, '2025-09-03 11:50:32', 'ready', 40.00, '2025-09-03 11:50:33.000000'),
	(258, 3, '2025-09-03 11:55:34', 'ready', 40.00, '2025-09-03 11:55:36.000000'),
	(259, 3, '2025-09-03 11:55:41', 'ready', 40.00, '2025-09-03 11:55:43.000000'),
	(260, 3, '2025-09-03 11:55:57', 'ready', 40.00, '2025-09-03 11:55:59.000000'),
	(261, 3, '2025-09-03 11:57:59', 'ready', 40.00, '2025-09-03 11:58:00.000000'),
	(262, 3, '2025-09-03 12:08:59', 'ready', 40.00, '2025-09-03 12:09:01.000000'),
	(263, 3, '2025-09-03 12:09:08', 'ready', 40.00, '2025-09-03 12:09:10.000000'),
	(264, 3, '2025-09-03 12:09:16', 'ready', 40.00, '2025-09-03 12:09:17.000000'),
	(265, 3, '2025-09-03 12:09:23', 'ready', 40.00, '2025-09-03 12:09:25.000000'),
	(266, 3, '2025-09-03 12:09:30', 'ready', 40.00, '2025-09-03 12:09:32.000000'),
	(267, 3, '2025-09-03 12:09:40', 'ready', 40.00, '2025-09-03 12:09:41.000000'),
	(268, 3, '2025-09-03 12:09:46', 'ready', 40.00, '2025-09-03 12:09:48.000000'),
	(269, 3, '2025-09-03 12:09:51', 'ready', 40.00, '2025-09-03 12:09:52.000000'),
	(270, 3, '2025-09-03 12:11:07', 'ready', 40.00, '2025-09-03 12:11:09.000000'),
	(271, 3, '2025-09-03 12:11:11', 'ready', 40.00, '2025-09-03 12:11:13.000000'),
	(272, 3, '2025-09-03 12:33:49', 'ready', 40.00, '2025-09-03 12:33:50.000000'),
	(273, 3, '2025-09-03 12:35:45', 'ready', 40.00, '2025-09-03 12:35:47.000000'),
	(274, 3, '2025-09-03 12:35:52', 'ready', 40.00, '2025-09-03 12:35:53.000000'),
	(275, 3, '2025-09-03 12:35:59', 'ready', 40.00, '2025-09-03 12:36:00.000000'),
	(276, 3, '2025-09-03 12:36:05', 'ready', 40.00, '2025-09-03 12:36:07.000000'),
	(277, 3, '2025-09-03 12:36:22', 'ready', 40.00, '2025-09-03 12:36:24.000000'),
	(278, 3, '2025-09-03 12:36:30', 'ready', 40.00, '2025-09-03 12:36:31.000000'),
	(279, 3, '2025-09-03 12:37:32', 'ready', 40.00, '2025-09-03 12:37:33.000000'),
	(280, 3, '2025-09-03 12:37:44', 'ready', 40.00, '2025-09-03 12:37:46.000000'),
	(281, 3, '2025-09-03 12:37:51', 'ready', 40.00, '2025-09-03 12:37:52.000000'),
	(282, 3, '2025-09-03 12:37:57', 'ready', 40.00, '2025-09-03 12:38:02.000000'),
	(283, 3, '2025-09-03 12:38:00', 'ready', 40.00, '2025-09-03 12:38:01.000000'),
	(284, 3, '2025-09-03 12:38:08', 'ready', 40.00, '2025-09-03 12:38:09.000000'),
	(285, 3, '2025-09-03 12:38:14', 'ready', 40.00, '2025-09-03 12:38:15.000000'),
	(286, 3, '2025-09-03 12:38:18', 'ready', 40.00, '2025-09-03 12:38:21.000000'),
	(287, 3, '2025-09-03 12:38:25', 'ready', 40.00, '2025-09-03 12:38:27.000000'),
	(288, 3, '2025-09-03 12:38:33', 'ready', 40.00, '2025-09-03 12:38:34.000000'),
	(289, 3, '2025-09-03 12:38:44', 'ready', 40.00, '2025-09-03 12:38:48.000000'),
	(290, 3, '2025-09-03 12:38:51', 'ready', 40.00, '2025-09-03 12:38:53.000000'),
	(291, 3, '2025-09-03 12:38:58', 'ready', 40.00, '2025-09-03 12:39:00.000000'),
	(292, 3, '2025-09-03 12:39:13', 'ready', 40.00, '2025-09-03 12:39:15.000000'),
	(293, 3, '2025-09-03 12:41:58', 'ready', 40.00, '2025-09-03 12:41:59.000000'),
	(294, 3, '2025-09-03 12:42:04', 'ready', 40.00, '2025-09-03 12:42:05.000000'),
	(295, 3, '2025-09-03 12:43:26', 'ready', 40.00, '2025-09-03 12:43:29.000000'),
	(296, 3, '2025-09-03 12:43:33', 'ready', 40.00, '2025-09-03 12:43:34.000000'),
	(297, 3, '2025-09-03 12:44:59', 'ready', 40.00, '2025-09-03 12:45:01.000000'),
	(298, 3, '2025-09-03 12:45:19', 'ready', 40.00, '2025-09-03 12:45:21.000000'),
	(299, 3, '2025-09-03 12:48:07', 'ready', 40.00, '2025-09-03 12:48:09.000000'),
	(300, 3, '2025-09-03 12:48:14', 'ready', 40.00, '2025-09-03 12:48:16.000000'),
	(301, 3, '2025-09-03 12:48:26', 'ready', 40.00, '2025-09-03 12:48:28.000000'),
	(302, 3, '2025-09-03 12:48:33', 'ready', 40.00, '2025-09-03 12:48:35.000000'),
	(303, 3, '2025-09-03 12:48:39', 'ready', 40.00, '2025-09-03 12:48:40.000000'),
	(304, 3, '2025-09-03 12:48:44', 'ready', 80.00, '2025-09-03 12:48:46.000000'),
	(305, 3, '2025-09-03 12:48:51', 'ready', 40.00, '2025-09-03 12:48:53.000000'),
	(306, 3, '2025-09-03 12:48:57', 'ready', 40.00, '2025-09-03 12:48:59.000000'),
	(307, 3, '2025-09-03 12:49:04', 'ready', 80.00, '2025-09-03 12:49:07.000000'),
	(308, 3, '2025-09-03 12:49:12', 'ready', 40.00, '2025-09-03 12:49:14.000000'),
	(309, 3, '2025-09-03 12:49:19', 'ready', 80.00, '2025-09-03 12:49:19.000000'),
	(310, 3, '2025-09-03 12:49:23', 'ready', 40.00, '2025-09-03 12:49:25.000000'),
	(311, 3, '2025-09-03 12:49:29', 'ready', 40.00, '2025-09-03 12:49:31.000000'),
	(312, 3, '2025-09-03 12:49:34', 'ready', 40.00, '2025-09-03 12:49:36.000000'),
	(313, 3, '2025-09-03 12:50:39', 'ready', 40.00, '2025-09-03 12:50:42.000000'),
	(314, 3, '2025-09-03 12:55:54', 'ready', 40.00, '2025-09-03 12:55:56.000000'),
	(315, 3, '2025-09-03 12:59:27', 'ready', 40.00, '2025-09-03 12:59:29.000000'),
	(316, 3, '2025-09-03 12:59:36', 'ready', 40.00, '2025-09-03 12:59:38.000000'),
	(317, 3, '2025-09-03 12:59:46', 'ready', 40.00, '2025-09-03 12:59:48.000000'),
	(318, 3, '2025-09-03 12:59:53', 'ready', 40.00, '2025-09-03 12:59:55.000000'),
	(319, 3, '2025-09-03 12:59:59', 'ready', 40.00, '2025-09-03 13:00:08.000000'),
	(320, 3, '2025-09-03 13:00:05', 'ready', 40.00, '2025-09-03 13:00:08.000000'),
	(321, 3, '2025-09-03 13:00:26', 'ready', 40.00, '2025-09-03 13:00:28.000000'),
	(322, 3, '2025-09-03 13:02:49', 'pending', 40.00, '2025-09-03 13:02:49.636358');

-- Dumping structure for table psu_blue_cafe.order_details
CREATE TABLE IF NOT EXISTS `order_details` (
  `order_detail_id` int(11) NOT NULL AUTO_INCREMENT,
  `order_id` int(11) NOT NULL,
  `menu_id` int(11) NOT NULL,
  `promo_id` int(11) DEFAULT NULL,
  `quantity` int(11) NOT NULL,
  `note` varchar(255) DEFAULT NULL,
  `total_price` decimal(10,2) NOT NULL,
  PRIMARY KEY (`order_detail_id`),
  KEY `fk_details_order` (`order_id`),
  KEY `fk_details_menu` (`menu_id`),
  KEY `fk_details_promo` (`promo_id`),
  CONSTRAINT `fk_details_menu` FOREIGN KEY (`menu_id`) REFERENCES `menu` (`menu_id`) ON DELETE CASCADE ON UPDATE CASCADE,
  CONSTRAINT `fk_details_order` FOREIGN KEY (`order_id`) REFERENCES `orders` (`order_id`) ON DELETE CASCADE ON UPDATE CASCADE,
  CONSTRAINT `fk_details_promo` FOREIGN KEY (`promo_id`) REFERENCES `promotions` (`promo_id`) ON DELETE SET NULL ON UPDATE CASCADE
) ENGINE=InnoDB AUTO_INCREMENT=359 DEFAULT CHARSET=utf8mb4 COLLATE=utf8mb4_unicode_ci;

-- Dumping data for table psu_blue_cafe.order_details: ~342 rows (approximately)
REPLACE INTO `order_details` (`order_detail_id`, `order_id`, `menu_id`, `promo_id`, `quantity`, `note`, `total_price`) VALUES
	(3, 3, 8, NULL, 6, NULL, 240.00),
	(4, 4, 7, NULL, 1, 'ขนาด: ธรรมดา | หวาน: ปกติ | น้ำแข็ง: ปกติ', 40.00),
	(5, 5, 7, NULL, 1, 'ขนาด: ธรรมดา | หวาน: ปกติ | น้ำแข็ง: ปกติ', 40.00),
	(6, 6, 7, NULL, 1, 'ขนาด: ธรรมดา | หวาน: ปกติ | น้ำแข็ง: ปกติ', 40.00),
	(7, 7, 7, NULL, 1, 'ขนาด: ธรรมดา | หวาน: ปกติ | น้ำแข็ง: ปกติ', 40.00),
	(8, 8, 7, NULL, 1, 'ขนาด: ธรรมดา | หวาน: ปกติ | น้ำแข็ง: ปกติ', 40.00),
	(9, 9, 7, NULL, 1, 'ขนาด: ธรรมดา | หวาน: ปกติ | น้ำแข็ง: ปกติ', 40.00),
	(10, 10, 7, NULL, 1, 'ขนาด: ธรรมดา | หวาน: ปกติ | น้ำแข็ง: ปกติ', 40.00),
	(11, 11, 7, NULL, 1, 'ขนาด: ธรรมดา | หวาน: ปกติ | น้ำแข็ง: ปกติ', 40.00),
	(12, 12, 7, NULL, 1, 'ขนาด: ธรรมดา | หวาน: ปกติ | น้ำแข็ง: ปกติ', 40.00),
	(13, 13, 8, NULL, 1, 'ขนาด: ธรรมดา | หวาน: ปกติ | น้ำแข็ง: ปกติ', 40.00),
	(14, 14, 8, NULL, 1, 'ขนาด: ธรรมดา | หวาน: ปกติ | น้ำแข็ง: ปกติ', 40.00),
	(15, 15, 7, NULL, 1, 'ขนาด: ธรรมดา | หวาน: ปกติ | น้ำแข็ง: ปกติ', 40.00),
	(16, 16, 7, NULL, 1, 'ขนาด: ธรรมดา | หวาน: ปกติ | น้ำแข็ง: ปกติ', 40.00),
	(17, 17, 8, NULL, 1, 'ขนาด: ธรรมดา | หวาน: หวานน้อย | น้ำแข็ง: ปกติ', 40.00),
	(18, 18, 7, NULL, 1, 'ขนาด: ธรรมดา | หวาน: ปกติ | น้ำแข็ง: ปกติ', 40.00),
	(19, 18, 8, NULL, 1, 'ขนาด: ธรรมดา | หวาน: ปกติ | น้ำแข็ง: ปกติ', 40.00),
	(20, 19, 7, NULL, 1, 'ขนาด: ธรรมดา | หวาน: ปกติ | น้ำแข็ง: ปกติ', 40.00),
	(21, 20, 7, NULL, 1, 'ขนาด: ธรรมดา | หวาน: ปกติ | น้ำแข็ง: ปกติ', 40.00),
	(22, 21, 7, NULL, 1, 'ขนาด: ธรรมดา | หวาน: ปกติ | น้ำแข็ง: ปกติ', 40.00),
	(23, 22, 7, NULL, 1, 'ขนาด: ธรรมดา | หวาน: ปกติ | น้ำแข็ง: ปกติ', 40.00),
	(24, 23, 7, NULL, 1, 'ขนาด: ธรรมดา | หวาน: ปกติ | น้ำแข็ง: ปกติ', 40.00),
	(25, 24, 8, NULL, 1, 'ขนาด: ธรรมดา | หวาน: ปกติ | น้ำแข็ง: ปกติ', 40.00),
	(26, 25, 7, NULL, 1, 'ขนาด: ธรรมดา | หวาน: ปกติ | น้ำแข็ง: ปกติ', 40.00),
	(27, 26, 8, NULL, 1, 'ขนาด: ธรรมดา | หวาน: ปกติ | น้ำแข็ง: ปกติ', 40.00),
	(28, 26, 7, NULL, 1, 'ขนาด: ธรรมดา | หวาน: ปกติ | น้ำแข็ง: ปกติ', 40.00),
	(29, 27, 7, NULL, 1, 'ขนาด: ธรรมดา | หวาน: ปกติ | น้ำแข็ง: ปกติ', 40.00),
	(30, 28, 7, NULL, 1, 'ขนาด: ธรรมดา | หวาน: ปกติ | น้ำแข็ง: ปกติ', 40.00),
	(31, 29, 7, NULL, 1, 'ขนาด: ธรรมดา | หวาน: ปกติ | น้ำแข็ง: ปกติ', 40.00),
	(32, 30, 7, NULL, 1, 'ขนาด: ธรรมดา | หวาน: ปกติ | น้ำแข็ง: ปกติ', 40.00),
	(33, 31, 7, NULL, 2, 'ขนาด: ธรรมดา | หวาน: ปกติ | น้ำแข็ง: ปกติ', 80.00),
	(34, 32, 7, NULL, 1, 'ขนาด: ธรรมดา | หวาน: ปกติ | น้ำแข็ง: ปกติ', 40.00),
	(35, 33, 7, NULL, 1, 'ขนาด: ธรรมดา | หวาน: ปกติ | น้ำแข็ง: ปกติ', 40.00),
	(36, 34, 8, NULL, 1, 'ขนาด: ธรรมดา | หวาน: ปกติ | น้ำแข็ง: ปกติ', 40.00),
	(37, 35, 8, NULL, 1, 'ขนาด: ธรรมดา | หวาน: ปกติ | น้ำแข็ง: ปกติ', 40.00),
	(38, 36, 8, NULL, 1, 'ขนาด: ธรรมดา | หวาน: ปกติ | น้ำแข็ง: ปกติ', 40.00),
	(39, 37, 7, NULL, 1, 'ขนาด: ธรรมดา | หวาน: ปกติ | น้ำแข็ง: ปกติ', 40.00),
	(40, 38, 7, NULL, 1, 'ขนาด: ธรรมดา | หวาน: ปกติ | น้ำแข็ง: ปกติ', 40.00),
	(41, 39, 8, NULL, 1, 'ขนาด: ธรรมดา | หวาน: ปกติ | น้ำแข็ง: ปกติ', 40.00),
	(42, 40, 8, NULL, 1, 'ขนาด: ธรรมดา | หวาน: ปกติ | น้ำแข็ง: ปกติ', 40.00),
	(43, 41, 7, NULL, 1, 'ขนาด: ธรรมดา | หวาน: ปกติ | น้ำแข็ง: ปกติ', 40.00),
	(44, 42, 7, NULL, 1, 'ขนาด: ธรรมดา | หวาน: ปกติ | น้ำแข็ง: ปกติ', 40.00),
	(45, 43, 8, NULL, 1, 'ขนาด: ธรรมดา | หวาน: ปกติ | น้ำแข็ง: ปกติ', 40.00),
	(46, 44, 8, NULL, 1, 'ขนาด: ธรรมดา | หวาน: ปกติ | น้ำแข็ง: ปกติ', 40.00),
	(47, 45, 8, NULL, 1, 'ขนาด: ธรรมดา | หวาน: ปกติ | น้ำแข็ง: ปกติ', 40.00),
	(48, 46, 8, NULL, 1, 'ขนาด: ธรรมดา | หวาน: ปกติ | น้ำแข็ง: ปกติ', 40.00),
	(49, 47, 8, NULL, 4, 'ขนาด: ธรรมดา | หวาน: ปกติ | น้ำแข็ง: ปกติ', 160.00),
	(50, 47, 7, NULL, 1, 'ขนาด: ธรรมดา | หวาน: ปกติ | น้ำแข็ง: ปกติ', 40.00),
	(51, 48, 7, NULL, 1, 'ขนาด: ธรรมดา | หวาน: ปกติ | น้ำแข็ง: ปกติ', 40.00),
	(52, 49, 7, NULL, 1, 'ขนาด: ธรรมดา | หวาน: ปกติ | น้ำแข็ง: ปกติ', 40.00),
	(53, 49, 8, NULL, 1, 'ขนาด: ธรรมดา | หวาน: ปกติ | น้ำแข็ง: ปกติ', 40.00),
	(54, 50, 7, NULL, 1, 'ขนาด: ธรรมดา | หวาน: ปกติ | น้ำแข็ง: ปกติ', 40.00),
	(55, 51, 7, NULL, 1, 'ขนาด: ธรรมดา | หวาน: ปกติ | น้ำแข็ง: ปกติ', 40.00),
	(56, 52, 7, NULL, 1, 'ขนาด: ธรรมดา | หวาน: ปกติ | น้ำแข็ง: ปกติ', 40.00),
	(57, 53, 7, NULL, 1, 'ขนาด: ธรรมดา | หวาน: ปกติ | น้ำแข็ง: ปกติ', 40.00),
	(58, 54, 7, NULL, 1, 'ขนาด: ธรรมดา | หวาน: ปกติ | น้ำแข็ง: ปกติ', 40.00),
	(59, 55, 7, NULL, 1, 'ขนาด: ธรรมดา | หวาน: ปกติ | น้ำแข็ง: ปกติ', 40.00),
	(60, 56, 7, NULL, 1, 'ขนาด: ธรรมดา | หวาน: ปกติ | น้ำแข็ง: ปกติ', 40.00),
	(61, 57, 7, NULL, 1, 'ขนาด: ธรรมดา | หวาน: ปกติ | น้ำแข็ง: ปกติ', 40.00),
	(62, 58, 7, NULL, 1, 'ขนาด: ธรรมดา | หวาน: ปกติ | น้ำแข็ง: ปกติ', 40.00),
	(63, 59, 8, NULL, 1, 'ขนาด: ธรรมดา | หวาน: ปกติ | น้ำแข็ง: ปกติ', 40.00),
	(64, 60, 7, NULL, 1, 'ขนาด: ธรรมดา | หวาน: ปกติ | น้ำแข็ง: ปกติ', 40.00),
	(65, 61, 7, NULL, 1, 'ขนาด: ธรรมดา | หวาน: ปกติ | น้ำแข็ง: ปกติ', 40.00),
	(66, 62, 8, NULL, 1, 'ขนาด: ธรรมดา | หวาน: ปกติ | น้ำแข็ง: ปกติ', 40.00),
	(67, 63, 8, NULL, 1, 'ขนาด: ธรรมดา | หวาน: ปกติ | น้ำแข็ง: ปกติ', 40.00),
	(68, 64, 7, NULL, 2, 'ขนาด: ธรรมดา | หวาน: ปกติ | น้ำแข็ง: ปกติ', 80.00),
	(69, 65, 7, NULL, 5, 'ขนาด: ธรรมดา | หวาน: ปกติ | น้ำแข็ง: ปกติ', 200.00),
	(70, 66, 7, NULL, 1, 'ขนาด: ธรรมดา | หวาน: ปกติ | น้ำแข็ง: ปกติ', 40.00),
	(71, 67, 7, NULL, 1, 'ขนาด: ธรรมดา | หวาน: ปกติ | น้ำแข็ง: ปกติ', 40.00),
	(72, 68, 7, NULL, 1, 'ขนาด: ธรรมดา | หวาน: ปกติ | น้ำแข็ง: ปกติ', 40.00),
	(73, 68, 8, NULL, 1, 'ขนาด: ธรรมดา | หวาน: ปกติ | น้ำแข็ง: ปกติ', 40.00),
	(74, 69, 7, NULL, 1, 'ขนาด: ธรรมดา | หวาน: ปกติ | น้ำแข็ง: ปกติ', 40.00),
	(75, 70, 7, NULL, 1, 'ขนาด: ธรรมดา | หวาน: ปกติ | น้ำแข็ง: ปกติ', 40.00),
	(76, 71, 8, NULL, 1, 'ขนาด: ธรรมดา | หวาน: ปกติ | น้ำแข็ง: ปกติ', 40.00),
	(77, 72, 7, NULL, 1, 'ขนาด: ธรรมดา | หวาน: ปกติ | น้ำแข็ง: ปกติ', 40.00),
	(78, 73, 8, NULL, 4, 'ขนาด: ธรรมดา | หวาน: ปกติ | น้ำแข็ง: ปกติ', 160.00),
	(79, 73, 7, NULL, 3, 'ขนาด: ธรรมดา | หวาน: ปกติ | น้ำแข็ง: ปกติ', 120.00),
	(80, 74, 8, NULL, 2, 'ขนาด: ธรรมดา | หวาน: ปกติ | น้ำแข็ง: ปกติ', 80.00),
	(81, 74, 7, NULL, 3, 'ขนาด: ธรรมดา | หวาน: ปกติ | น้ำแข็ง: ปกติ', 120.00),
	(82, 75, 8, NULL, 2, 'ขนาด: ธรรมดา | หวาน: ปกติ | น้ำแข็ง: ปกติ', 80.00),
	(83, 75, 7, NULL, 2, 'ขนาด: ธรรมดา | หวาน: ปกติ | น้ำแข็ง: ปกติ', 80.00),
	(84, 76, 8, NULL, 1, 'ขนาด: ธรรมดา | หวาน: ปกติ | น้ำแข็ง: ปกติ', 40.00),
	(85, 76, 7, NULL, 2, 'ขนาด: ธรรมดา | หวาน: ปกติ | น้ำแข็ง: ปกติ', 80.00),
	(86, 77, 11, NULL, 1, 'ขนาด: ธรรมดา | หวาน: ปกติ | น้ำแข็ง: ปกติ', 40.00),
	(87, 77, 9, NULL, 2, 'ขนาด: ธรรมดา | หวาน: ปกติ | น้ำแข็ง: ปกติ', 80.00),
	(88, 78, 12, NULL, 1, 'ขนาด: ธรรมดา | หวาน: ปกติ | น้ำแข็ง: ปกติ', 40.00),
	(89, 78, 18, NULL, 4, 'ขนาด: ธรรมดา | หวาน: ปกติ | น้ำแข็ง: ปกติ', 160.00),
	(90, 78, 10, NULL, 2, 'ขนาด: ธรรมดา | หวาน: ปกติ | น้ำแข็ง: ปกติ', 80.00),
	(91, 78, 22, NULL, 1, 'ขนาด: ธรรมดา | หวาน: ปกติ | น้ำแข็ง: ปกติ', 40.00),
	(92, 78, 21, NULL, 1, 'ขนาด: ธรรมดา | หวาน: ปกติ | น้ำแข็ง: ปกติ', 40.00),
	(93, 78, 11, NULL, 1, 'ขนาด: ธรรมดา | หวาน: ปกติ | น้ำแข็ง: ปกติ', 40.00),
	(94, 78, 23, NULL, 1, 'ขนาด: ธรรมดา | หวาน: ปกติ | น้ำแข็ง: ปกติ', 40.00),
	(95, 79, 10, NULL, 1, 'ขนาด: ธรรมดา | หวาน: ปกติ | น้ำแข็ง: ปกติ', 40.00),
	(96, 80, 12, NULL, 1, 'ขนาด: ธรรมดา | หวาน: ปกติ | น้ำแข็ง: ปกติ', 40.00),
	(97, 81, 11, NULL, 1, 'ขนาด: ธรรมดา | หวาน: ปกติ | น้ำแข็ง: ปกติ', 40.00),
	(98, 81, 23, NULL, 1, 'ขนาด: ธรรมดา | หวาน: ปกติ | น้ำแข็ง: ปกติ', 40.00),
	(99, 81, 18, NULL, 2, 'ขนาด: ธรรมดา | หวาน: ปกติ | น้ำแข็ง: เยอะ', 80.00),
	(100, 82, 12, NULL, 1, 'ขนาด: ธรรมดา | หวาน: ปกติ | น้ำแข็ง: ปกติ', 40.00),
	(101, 83, 12, NULL, 1, 'ขนาด: ธรรมดา | หวาน: ปกติ | น้ำแข็ง: ปกติ', 40.00),
	(102, 83, 7, NULL, 1, 'ขนาด: ธรรมดา | หวาน: ปกติ | น้ำแข็ง: ปกติ', 40.00),
	(103, 84, 11, NULL, 1, 'ขนาด: ธรรมดา | หวาน: ปกติ | น้ำแข็ง: ปกติ', 40.00),
	(104, 85, 18, NULL, 1, 'ขนาด: ธรรมดา | หวาน: ปกติ | น้ำแข็ง: ปกติ', 40.00),
	(105, 86, 10, NULL, 1, 'ขนาด: ใหญ่ | หวาน: ปกติ | น้ำแข็ง: ปกติ', 40.00),
	(106, 87, 11, NULL, 1, 'ขนาด: ธรรมดา | หวาน: ปกติ | น้ำแข็ง: ปกติ', 40.00),
	(107, 88, 11, NULL, 1, 'ขนาด: ธรรมดา | หวาน: ปกติ | น้ำแข็ง: ปกติ', 40.00),
	(108, 89, 10, NULL, 1, 'ขนาด: ธรรมดา | หวาน: ปกติ | น้ำแข็ง: ปกติ', 40.00),
	(109, 90, 17, NULL, 1, 'ขนาด: ธรรมดา | หวาน: ปกติ | น้ำแข็ง: ปกติ', 40.00),
	(110, 91, 18, NULL, 1, 'ขนาด: ธรรมดา | หวาน: ปกติ | น้ำแข็ง: ปกติ', 40.00),
	(111, 92, 18, NULL, 1, 'ขนาด: ธรรมดา | หวาน: ปกติ | น้ำแข็ง: ปกติ', 40.00),
	(112, 93, 23, NULL, 1, 'ขนาด: ธรรมดา | หวาน: ปกติ | น้ำแข็ง: ปกติ', 40.00),
	(113, 94, 22, NULL, 1, 'ขนาด: ธรรมดา | หวาน: ปกติ | น้ำแข็ง: ปกติ', 40.00),
	(114, 95, 20, NULL, 1, 'ขนาด: ธรรมดา | หวาน: ปกติ | น้ำแข็ง: ปกติ', 40.00),
	(115, 96, 10, NULL, 1, 'ขนาด: ธรรมดา | หวาน: ปกติ | น้ำแข็ง: ปกติ', 40.00),
	(116, 97, 11, NULL, 1, 'ขนาด: ธรรมดา | หวาน: ปกติ | น้ำแข็ง: ปกติ', 40.00),
	(117, 98, 10, NULL, 1, 'ขนาด: ธรรมดา | หวาน: ปกติ | น้ำแข็ง: ปกติ', 40.00),
	(118, 99, 12, NULL, 1, 'ขนาด: ธรรมดา | หวาน: ปกติ | น้ำแข็ง: ปกติ', 40.00),
	(119, 100, 10, NULL, 1, 'ขนาด: ธรรมดา | หวาน: ปกติ | น้ำแข็ง: ปกติ', 40.00),
	(120, 101, 9, NULL, 1, 'ขนาด: ธรรมดา | หวาน: ปกติ | น้ำแข็ง: ปกติ', 40.00),
	(121, 102, 9, NULL, 1, 'ขนาด: ธรรมดา | หวาน: ปกติ | น้ำแข็ง: ปกติ', 40.00),
	(122, 103, 9, NULL, 1, 'ขนาด: ธรรมดา | หวาน: ปกติ | น้ำแข็ง: ปกติ', 40.00),
	(123, 104, 23, NULL, 1, 'ขนาด: ธรรมดา | หวาน: ปกติ | น้ำแข็ง: ปกติ', 40.00),
	(124, 105, 18, NULL, 1, 'ขนาด: ธรรมดา | หวาน: ปกติ | น้ำแข็ง: ปกติ', 40.00),
	(125, 106, 18, NULL, 1, 'ขนาด: ธรรมดา | หวาน: ปกติ | น้ำแข็ง: ปกติ', 40.00),
	(126, 107, 18, NULL, 1, 'ขนาด: ธรรมดา | หวาน: ปกติ | น้ำแข็ง: ปกติ', 40.00),
	(127, 108, 18, NULL, 1, 'ขนาด: ธรรมดา | หวาน: ปกติ | น้ำแข็ง: ปกติ', 40.00),
	(128, 109, 18, NULL, 1, 'ขนาด: ธรรมดา | หวาน: ปกติ | น้ำแข็ง: ปกติ', 40.00),
	(129, 110, 18, NULL, 1, 'ขนาด: ธรรมดา | หวาน: ปกติ | น้ำแข็ง: ปกติ', 40.00),
	(130, 111, 18, NULL, 1, 'ขนาด: ธรรมดา | หวาน: ปกติ | น้ำแข็ง: ปกติ', 40.00),
	(131, 112, 18, NULL, 1, 'ขนาด: ธรรมดา | หวาน: ปกติ | น้ำแข็ง: ปกติ', 40.00),
	(132, 113, 18, NULL, 1, 'ขนาด: ธรรมดา | หวาน: ปกติ | น้ำแข็ง: ปกติ', 40.00),
	(133, 114, 18, NULL, 1, 'ขนาด: ธรรมดา | หวาน: ปกติ | น้ำแข็ง: ปกติ', 40.00),
	(134, 115, 18, NULL, 1, 'ขนาด: ธรรมดา | หวาน: ปกติ | น้ำแข็ง: ปกติ', 40.00),
	(135, 116, 18, NULL, 1, 'ขนาด: ธรรมดา | หวาน: ปกติ | น้ำแข็ง: ปกติ', 40.00),
	(136, 117, 18, NULL, 1, 'ขนาด: ธรรมดา | หวาน: ปกติ | น้ำแข็ง: ปกติ', 40.00),
	(137, 118, 18, NULL, 1, 'ขนาด: ธรรมดา | หวาน: ปกติ | น้ำแข็ง: ปกติ', 40.00),
	(138, 119, 18, NULL, 1, 'ขนาด: ธรรมดา | หวาน: ปกติ | น้ำแข็ง: ปกติ', 40.00),
	(139, 120, 18, NULL, 1, 'ขนาด: ธรรมดา | หวาน: ปกติ | น้ำแข็ง: ไม่ใส่น้ำแข็ง', 40.00),
	(140, 121, 10, NULL, 1, 'ขนาด: ธรรมดา | หวาน: ปกติ | น้ำแข็ง: ปกติ', 40.00),
	(141, 122, 9, NULL, 1, 'ขนาด: ธรรมดา | หวาน: ปกติ | น้ำแข็ง: ปกติ', 40.00),
	(142, 122, 18, NULL, 1, 'ขนาด: ธรรมดา | หวาน: ปกติ | น้ำแข็ง: ปกติ', 40.00),
	(143, 122, 23, NULL, 1, 'ขนาด: ธรรมดา | หวาน: ปกติ | น้ำแข็ง: ปกติ', 40.00),
	(144, 123, 10, NULL, 1, 'ขนาด: ธรรมดา | หวาน: ปกติ | น้ำแข็ง: ปกติ', 40.00),
	(145, 123, 18, NULL, 1, 'ขนาด: ธรรมดา | หวาน: ปกติ | น้ำแข็ง: ปกติ', 40.00),
	(146, 124, 10, NULL, 1, 'ขนาด: ธรรมดา | หวาน: ปกติ | น้ำแข็ง: ปกติ', 40.00),
	(147, 125, 11, NULL, 1, 'ขนาด: ธรรมดา | หวาน: ปกติ | น้ำแข็ง: ปกติ', 40.00),
	(148, 126, 12, NULL, 1, 'ขนาด: ธรรมดา | หวาน: ปกติ | น้ำแข็ง: ปกติ', 40.00),
	(149, 127, 12, NULL, 1, 'ขนาด: ธรรมดา | หวาน: ปกติ | น้ำแข็ง: ปกติ', 40.00),
	(150, 128, 18, NULL, 1, 'ขนาด: ธรรมดา | หวาน: ปกติ | น้ำแข็ง: ปกติ', 40.00),
	(151, 129, 8, NULL, 1, 'ขนาด: ธรรมดา | หวาน: ปกติ | น้ำแข็ง: ปกติ', 40.00),
	(152, 130, 11, NULL, 1, 'ขนาด: ธรรมดา | หวาน: ปกติ | น้ำแข็ง: ปกติ', 40.00),
	(153, 131, 12, NULL, 1, 'ขนาด: ธรรมดา | หวาน: ปกติ | น้ำแข็ง: ปกติ', 40.00),
	(154, 132, 11, NULL, 1, 'ขนาด: ธรรมดา | หวาน: ปกติ | น้ำแข็ง: ปกติ', 40.00),
	(155, 133, 11, NULL, 1, 'ขนาด: ธรรมดา | หวาน: ปกติ | น้ำแข็ง: ปกติ', 40.00),
	(156, 133, 18, NULL, 1, 'ขนาด: ธรรมดา | หวาน: ปกติ | น้ำแข็ง: ปกติ', 40.00),
	(157, 134, 11, NULL, 1, 'ขนาด: ธรรมดา | หวาน: ปกติ | น้ำแข็ง: ปกติ', 40.00),
	(158, 135, 12, NULL, 1, 'ขนาด: ธรรมดา | หวาน: ปกติ | น้ำแข็ง: ปกติ', 40.00),
	(159, 136, 8, NULL, 2, 'ขนาด: ธรรมดา | หวาน: ปกติ | น้ำแข็ง: ปกติ', 80.00),
	(160, 137, 11, NULL, 1, 'ขนาด: ธรรมดา | หวาน: ปกติ | น้ำแข็ง: ปกติ', 40.00),
	(161, 138, 8, NULL, 1, 'ขนาด: ธรรมดา | หวาน: ปกติ | น้ำแข็ง: ปกติ', 40.00),
	(162, 138, 7, NULL, 1, 'ขนาด: ธรรมดา | หวาน: ปกติ | น้ำแข็ง: ปกติ', 40.00),
	(163, 138, 17, NULL, 1, 'ขนาด: ธรรมดา | หวาน: ปกติ | น้ำแข็ง: ปกติ', 40.00),
	(164, 138, 18, NULL, 2, 'ขนาด: ธรรมดา | หวาน: ปกติ | น้ำแข็ง: ปกติ', 80.00),
	(165, 139, 9, NULL, 1, 'ขนาด: ธรรมดา | หวาน: ปกติ | น้ำแข็ง: ปกติ', 40.00),
	(166, 140, 9, NULL, 1, 'ขนาด: ธรรมดา | หวาน: ปกติ | น้ำแข็ง: ปกติ', 40.00),
	(167, 141, 8, NULL, 1, 'ขนาด: ธรรมดา | หวาน: ปกติ | น้ำแข็ง: ปกติ', 40.00),
	(168, 142, 10, NULL, 1, 'ขนาด: ธรรมดา | หวาน: ปกติ | น้ำแข็ง: ปกติ', 40.00),
	(169, 143, 10, NULL, 1, 'ขนาด: ธรรมดา | หวาน: ปกติ | น้ำแข็ง: ปกติ', 40.00),
	(170, 144, 10, NULL, 1, '', 40.00),
	(171, 145, 10, NULL, 1, '', 40.00),
	(172, 146, 10, NULL, 1, 'ขนาด: ธรรมดา | หวาน: ปกติ | น้ำแข็ง: ปกติ', 40.00),
	(173, 147, 10, NULL, 1, 'ขนาด: ธรรมดา | หวาน: ปกติ | น้ำแข็ง: ปกติ', 40.00),
	(174, 148, 10, NULL, 1, '', 40.00),
	(175, 149, 11, NULL, 1, '', 40.00),
	(176, 150, 10, NULL, 1, '', 40.00),
	(177, 151, 10, NULL, 1, 'ขนาด: ธรรมดา | หวาน: ปกติ | น้ำแข็ง: ปกติ', 40.00),
	(178, 152, 11, NULL, 1, 'ขนาด: ธรรมดา | หวาน: ปกติ | น้ำแข็ง: ปกติ', 40.00),
	(179, 153, 12, NULL, 1, 'ขนาด: ธรรมดา | หวาน: ปกติ | น้ำแข็ง: ปกติ', 40.00),
	(180, 154, 9, NULL, 1, 'ขนาด: ธรรมดา | หวาน: ปกติ | น้ำแข็ง: ปกติ', 40.00),
	(181, 154, 13, NULL, 1, 'ขนาด: ธรรมดา | หวาน: ปกติ | น้ำแข็ง: ปกติ', 40.00),
	(182, 154, 19, NULL, 1, 'ขนาด: ธรรมดา | หวาน: ปกติ | น้ำแข็ง: ปกติ', 40.00),
	(183, 155, 16, NULL, 1, 'ขนาด: ธรรมดา | หวาน: ปกติ | น้ำแข็ง: ปกติ', 40.00),
	(184, 155, 17, NULL, 1, 'ขนาด: ธรรมดา | หวาน: ปกติ | น้ำแข็ง: ปกติ', 40.00),
	(185, 156, 10, NULL, 1, 'ขนาด: ธรรมดา | หวาน: ปกติ | น้ำแข็ง: ปกติ', 40.00),
	(186, 157, 10, NULL, 1, 'ขนาด: ธรรมดา | หวาน: ปกติ | น้ำแข็ง: ปกติ', 40.00),
	(187, 158, 16, NULL, 1, 'ขนาด: ธรรมดา | หวาน: ปกติ | น้ำแข็ง: ปกติ', 40.00),
	(188, 159, 11, NULL, 1, 'ขนาด: ธรรมดา | หวาน: ปกติ | น้ำแข็ง: ปกติ', 40.00),
	(189, 160, 10, NULL, 1, 'ขนาด: ธรรมดา | หวาน: ปกติ | น้ำแข็ง: ปกติ', 40.00),
	(190, 161, 11, NULL, 1, 'ขนาด: ธรรมดา | หวาน: ปกติ | น้ำแข็ง: ปกติ', 40.00),
	(191, 162, 11, NULL, 1, 'ขนาด: ธรรมดา | หวาน: ปกติ | น้ำแข็ง: ปกติ', 40.00),
	(192, 163, 11, NULL, 1, 'ขนาด: ธรรมดา | หวาน: ปกติ | น้ำแข็ง: ปกติ', 40.00),
	(193, 164, 11, NULL, 1, 'ขนาด: ธรรมดา | หวาน: ปกติ | น้ำแข็ง: ปกติ', 40.00),
	(194, 165, 10, NULL, 1, 'ขนาด: ธรรมดา | หวาน: ปกติ | น้ำแข็ง: ปกติ', 40.00),
	(195, 166, 11, NULL, 1, 'ขนาด: ธรรมดา | หวาน: ปกติ | น้ำแข็ง: ปกติ', 40.00),
	(196, 167, 12, NULL, 1, 'ขนาด: ธรรมดา | หวาน: ปกติ | น้ำแข็ง: ปกติ', 40.00),
	(197, 168, 11, NULL, 1, 'ขนาด: ธรรมดา | หวาน: ปกติ | น้ำแข็ง: ปกติ', 40.00),
	(198, 169, 10, NULL, 1, 'ขนาด: ธรรมดา | หวาน: ปกติ | น้ำแข็ง: ปกติ', 40.00),
	(199, 170, 12, NULL, 1, 'ขนาด: ธรรมดา | หวาน: ปกติ | น้ำแข็ง: ปกติ', 40.00),
	(200, 171, 18, NULL, 1, 'ขนาด: ธรรมดา | หวาน: ปกติ | น้ำแข็ง: ปกติ', 40.00),
	(201, 172, 18, NULL, 1, 'ขนาด: ธรรมดา | หวาน: ปกติ | น้ำแข็ง: ปกติ', 40.00),
	(202, 173, 23, NULL, 1, 'ขนาด: ธรรมดา | หวาน: ปกติ | น้ำแข็ง: ปกติ', 40.00),
	(203, 174, 22, NULL, 1, 'ขนาด: ธรรมดา | หวาน: ปกติ | น้ำแข็ง: ปกติ', 40.00),
	(204, 175, 14, NULL, 1, 'ขนาด: ธรรมดา | หวาน: ปกติ | น้ำแข็ง: ปกติ', 40.00),
	(205, 176, 7, NULL, 1, 'ขนาด: ธรรมดา | หวาน: ปกติ | น้ำแข็ง: ปกติ', 40.00),
	(206, 177, 7, NULL, 1, 'ขนาด: ธรรมดา | หวาน: ปกติ | น้ำแข็ง: ปกติ', 40.00),
	(207, 178, 10, NULL, 1, 'ขนาด: ธรรมดา | หวาน: ปกติ | น้ำแข็ง: ปกติ', 40.00),
	(208, 179, 11, NULL, 1, 'ขนาด: ธรรมดา | หวาน: ปกติ | น้ำแข็ง: ปกติ', 40.00),
	(209, 180, 12, NULL, 1, 'ขนาด: ธรรมดา | หวาน: ปกติ | น้ำแข็ง: ปกติ', 40.00),
	(210, 181, 12, NULL, 1, 'ขนาด: ธรรมดา | หวาน: ปกติ | น้ำแข็ง: ปกติ', 40.00),
	(211, 182, 12, NULL, 1, 'ขนาด: ธรรมดา | หวาน: ปกติ | น้ำแข็ง: ปกติ', 40.00),
	(212, 183, 12, NULL, 1, 'ขนาด: ธรรมดา | หวาน: ปกติ | น้ำแข็ง: ปกติ', 40.00),
	(213, 184, 12, NULL, 1, 'ขนาด: ธรรมดา | หวาน: ปกติ | น้ำแข็ง: ปกติ', 40.00),
	(214, 185, 12, NULL, 1, 'ขนาด: ธรรมดา | หวาน: ปกติ | น้ำแข็ง: ปกติ', 40.00),
	(215, 186, 12, NULL, 1, 'ขนาด: ธรรมดา | หวาน: หวานน้อย | น้ำแข็ง: ปกติ', 40.00),
	(216, 187, 11, NULL, 1, 'ขนาด: ธรรมดา | หวาน: ปกติ | น้ำแข็ง: ปกติ', 40.00),
	(217, 188, 17, NULL, 1, 'ขนาด: ธรรมดา | หวาน: ปกติ | น้ำแข็ง: ปกติ', 40.00),
	(218, 189, 23, NULL, 1, 'ขนาด: ธรรมดา | หวาน: ปกติ | น้ำแข็ง: ปกติ', 40.00),
	(219, 190, 23, NULL, 1, 'ขนาด: ธรรมดา | หวาน: ปกติ | น้ำแข็ง: ปกติ', 40.00),
	(220, 191, 12, NULL, 1, 'ขนาด: ธรรมดา | หวาน: ปกติ | น้ำแข็ง: ปกติ', 40.00),
	(221, 192, 10, NULL, 1, 'ขนาด: ธรรมดา | หวาน: ปกติ | น้ำแข็ง: ปกติ', 40.00),
	(222, 193, 10, NULL, 1, 'ขนาด: ธรรมดา | หวาน: ปกติ | น้ำแข็ง: ปกติ', 40.00),
	(223, 194, 9, NULL, 1, 'ขนาด: ธรรมดา | หวาน: ปกติ | น้ำแข็ง: ปกติ', 40.00),
	(224, 195, 11, NULL, 1, 'ขนาด: ธรรมดา | หวาน: ปกติ | น้ำแข็ง: ปกติ', 40.00),
	(225, 195, 10, NULL, 1, 'ขนาด: ธรรมดา | หวาน: ปกติ | น้ำแข็ง: ปกติ', 40.00),
	(226, 196, 11, NULL, 1, 'ขนาด: ธรรมดา | หวาน: ปกติ | น้ำแข็ง: ปกติ', 40.00),
	(227, 197, 10, NULL, 1, 'ขนาด: ธรรมดา | หวาน: ปกติ | น้ำแข็ง: ปกติ', 40.00),
	(228, 198, 11, NULL, 1, 'ขนาด: ธรรมดา | หวาน: ปกติ | น้ำแข็ง: ปกติ', 40.00),
	(229, 199, 7, NULL, 1, 'ขนาด: ธรรมดา | หวาน: ปกติ | น้ำแข็ง: ปกติ', 40.00),
	(230, 200, 7, NULL, 1, 'ขนาด: ธรรมดา | หวาน: ปกติ | น้ำแข็ง: ปกติ', 40.00),
	(231, 201, 12, NULL, 1, 'ขนาด: ธรรมดา | หวาน: ปกติ | น้ำแข็ง: ปกติ', 40.00),
	(232, 202, 7, NULL, 1, 'ขนาด: ธรรมดา | หวาน: ปกติ | น้ำแข็ง: ปกติ', 40.00),
	(233, 203, 7, NULL, 1, 'ขนาด: ธรรมดา | หวาน: ปกติ | น้ำแข็ง: ปกติ', 40.00),
	(234, 204, 7, NULL, 1, 'ขนาด: ธรรมดา | หวาน: ปกติ | น้ำแข็ง: ปกติ', 40.00),
	(235, 205, 7, NULL, 1, 'ขนาด: ธรรมดา | หวาน: ปกติ | น้ำแข็ง: ปกติ', 40.00),
	(236, 206, 7, NULL, 1, 'ขนาด: ธรรมดา | หวาน: ปกติ | น้ำแข็ง: ปกติ', 40.00),
	(237, 207, 7, NULL, 1, 'ขนาด: ธรรมดา | หวาน: ปกติ | น้ำแข็ง: ปกติ', 40.00),
	(238, 208, 7, NULL, 1, 'ขนาด: ธรรมดา | หวาน: ปกติ | น้ำแข็ง: ปกติ', 40.00),
	(239, 209, 9, NULL, 1, 'ขนาด: ธรรมดา | หวาน: ปกติ | น้ำแข็ง: ปกติ', 40.00),
	(240, 210, 7, NULL, 1, 'ขนาด: ธรรมดา | หวาน: ปกติ | น้ำแข็ง: ปกติ', 40.00),
	(241, 211, 11, NULL, 1, 'ขนาด: ธรรมดา | หวาน: ปกติ | น้ำแข็ง: ปกติ', 40.00),
	(242, 212, 7, NULL, 1, 'ขนาด: ธรรมดา | หวาน: ปกติ | น้ำแข็ง: ปกติ', 40.00),
	(243, 213, 10, NULL, 1, 'ขนาด: ธรรมดา | หวาน: ปกติ | น้ำแข็ง: ปกติ', 40.00),
	(244, 214, 11, NULL, 1, 'ขนาด: ธรรมดา | หวาน: ปกติ | น้ำแข็ง: ปกติ', 40.00),
	(245, 215, 9, NULL, 1, 'ขนาด: ธรรมดา | หวาน: ปกติ | น้ำแข็ง: ปกติ', 40.00),
	(246, 215, 18, NULL, 1, 'ขนาด: ธรรมดา | หวาน: ปกติ | น้ำแข็ง: ปกติ', 40.00),
	(247, 216, 22, NULL, 1, 'ขนาด: ธรรมดา | หวาน: ปกติ | น้ำแข็ง: ปกติ', 40.00),
	(248, 217, 9, NULL, 1, 'ขนาด: ธรรมดา | หวาน: ปกติ | น้ำแข็ง: ปกติ', 40.00),
	(249, 218, 9, NULL, 1, 'ขนาด: ธรรมดา | หวาน: ปกติ | น้ำแข็ง: ปกติ', 40.00),
	(250, 219, 10, NULL, 1, 'ขนาด: ธรรมดา | หวาน: ปกติ | น้ำแข็ง: ปกติ', 40.00),
	(251, 220, 16, NULL, 1, 'ขนาด: ธรรมดา | หวาน: ปกติ | น้ำแข็ง: ปกติ', 40.00),
	(252, 220, 18, NULL, 1, 'ขนาด: ธรรมดา | หวาน: ปกติ | น้ำแข็ง: ปกติ', 40.00),
	(253, 221, 13, NULL, 1, 'ขนาด: ธรรมดา | หวาน: ปกติ | น้ำแข็ง: ปกติ', 40.00),
	(254, 222, 11, NULL, 1, 'ขนาด: ธรรมดา | หวาน: ปกติ | น้ำแข็ง: ปกติ', 40.00),
	(255, 223, 10, NULL, 1, 'ขนาด: ธรรมดา | หวาน: ปกติ | น้ำแข็ง: ปกติ', 40.00),
	(256, 223, 18, NULL, 1, 'ขนาด: ธรรมดา | หวาน: ปกติ | น้ำแข็ง: ปกติ', 40.00),
	(257, 224, 22, NULL, 1, 'ขนาด: ธรรมดา | หวาน: ปกติ | น้ำแข็ง: ปกติ', 40.00),
	(258, 225, 9, NULL, 1, 'ขนาด: ธรรมดา | หวาน: ปกติ | น้ำแข็ง: ปกติ', 40.00),
	(259, 226, 7, NULL, 1, 'ขนาด: ธรรมดา | หวาน: ปกติ | น้ำแข็ง: ปกติ', 40.00),
	(260, 227, 10, NULL, 1, 'ขนาด: ธรรมดา | หวาน: ปกติ | น้ำแข็ง: ปกติ', 40.00),
	(261, 228, 11, NULL, 1, 'ขนาด: ธรรมดา | หวาน: ปกติ | น้ำแข็ง: ปกติ', 40.00),
	(262, 229, 16, NULL, 1, 'ขนาด: ธรรมดา | หวาน: ปกติ | น้ำแข็ง: ปกติ', 40.00),
	(263, 230, 9, NULL, 1, 'ขนาด: ธรรมดา | หวาน: ปกติ | น้ำแข็ง: ปกติ', 40.00),
	(264, 231, 11, NULL, 1, 'ขนาด: ธรรมดา | หวาน: ปกติ | น้ำแข็ง: ปกติ', 40.00),
	(265, 232, 17, NULL, 1, 'ขนาด: ธรรมดา | หวาน: ปกติ | น้ำแข็ง: ปกติ', 40.00),
	(266, 233, 11, NULL, 1, 'ขนาด: ธรรมดา | หวาน: ปกติ | น้ำแข็ง: ปกติ', 40.00),
	(267, 234, 23, NULL, 1, 'ขนาด: ธรรมดา | หวาน: ปกติ | น้ำแข็ง: ปกติ', 40.00),
	(268, 235, 21, NULL, 1, 'ขนาด: ธรรมดา | หวาน: ปกติ | น้ำแข็ง: ปกติ', 40.00),
	(269, 236, 11, NULL, 1, 'ขนาด: ธรรมดา | หวาน: ปกติ | น้ำแข็ง: ปกติ', 40.00),
	(270, 237, 7, NULL, 1, 'ขนาด: ธรรมดา | หวาน: ปกติ | น้ำแข็ง: ปกติ', 40.00),
	(271, 238, 18, NULL, 1, 'ขนาด: ธรรมดา | หวาน: ปกติ | น้ำแข็ง: ปกติ', 40.00),
	(272, 239, 7, NULL, 1, 'ขนาด: ธรรมดา | หวาน: ปกติ | น้ำแข็ง: ปกติ', 40.00),
	(273, 240, 20, NULL, 1, 'ขนาด: ธรรมดา | หวาน: ปกติ | น้ำแข็ง: ปกติ', 40.00),
	(274, 241, 22, NULL, 1, 'ขนาด: ธรรมดา | หวาน: ปกติ | น้ำแข็ง: ปกติ', 40.00),
	(275, 242, 18, NULL, 1, 'ขนาด: ธรรมดา | หวาน: ปกติ | น้ำแข็ง: ปกติ', 40.00),
	(276, 243, 10, NULL, 1, 'ขนาด: ธรรมดา | หวาน: ปกติ | น้ำแข็ง: ปกติ', 40.00),
	(277, 244, 10, NULL, 1, 'ขนาด: ธรรมดา | หวาน: ปกติ | น้ำแข็ง: ปกติ', 40.00),
	(278, 245, 9, NULL, 1, 'ขนาด: ธรรมดา | หวาน: ปกติ | น้ำแข็ง: ปกติ', 40.00),
	(279, 246, 9, NULL, 1, 'ขนาด: ธรรมดา | หวาน: ปกติ | น้ำแข็ง: ปกติ', 40.00),
	(280, 247, 9, NULL, 1, 'ขนาด: ธรรมดา | หวาน: ปกติ | น้ำแข็ง: ปกติ', 40.00),
	(281, 248, 11, NULL, 1, 'ขนาด: ธรรมดา | หวาน: ปกติ | น้ำแข็ง: ปกติ', 40.00),
	(282, 249, 8, NULL, 1, 'ขนาด: ธรรมดา | หวาน: ปกติ | น้ำแข็ง: ปกติ', 40.00),
	(283, 250, 11, NULL, 1, 'ขนาด: ธรรมดา | หวาน: ปกติ | น้ำแข็ง: ปกติ', 40.00),
	(284, 251, 12, NULL, 1, 'ขนาด: ธรรมดา | หวาน: ปกติ | น้ำแข็ง: ปกติ', 40.00),
	(285, 252, 10, NULL, 1, 'ขนาด: ธรรมดา | หวาน: ปกติ | น้ำแข็ง: ปกติ', 40.00),
	(286, 253, 9, NULL, 1, 'ขนาด: ธรรมดา | หวาน: ปกติ | น้ำแข็ง: ปกติ', 40.00),
	(287, 254, 8, NULL, 1, 'ขนาด: ธรรมดา | หวาน: ปกติ | น้ำแข็ง: ปกติ', 40.00),
	(288, 255, 10, NULL, 1, 'ขนาด: ธรรมดา | หวาน: ปกติ | น้ำแข็ง: ปกติ', 40.00),
	(289, 256, 9, NULL, 1, 'ขนาด: ธรรมดา | หวาน: ปกติ | น้ำแข็ง: ปกติ', 40.00),
	(290, 257, 9, NULL, 1, 'ขนาด: ธรรมดา | หวาน: ปกติ | น้ำแข็ง: ปกติ', 40.00),
	(291, 258, 8, NULL, 1, 'ขนาด: ธรรมดา | หวาน: ปกติ | น้ำแข็ง: ปกติ', 40.00),
	(292, 259, 9, NULL, 1, 'ขนาด: ธรรมดา | หวาน: ปกติ | น้ำแข็ง: ปกติ', 40.00),
	(293, 260, 9, NULL, 1, 'ขนาด: ธรรมดา | หวาน: ปกติ | น้ำแข็ง: ปกติ', 40.00),
	(294, 261, 9, NULL, 1, 'ขนาด: ธรรมดา | หวาน: ปกติ | น้ำแข็ง: ปกติ', 40.00),
	(295, 262, 10, NULL, 1, 'ขนาด: ธรรมดา | หวาน: ปกติ | น้ำแข็ง: ปกติ', 40.00),
	(296, 263, 7, NULL, 1, 'ขนาด: ธรรมดา | หวาน: ปกติ | น้ำแข็ง: ปกติ', 40.00),
	(297, 264, 10, NULL, 1, 'ขนาด: ธรรมดา | หวาน: ปกติ | น้ำแข็ง: ปกติ', 40.00),
	(298, 265, 9, NULL, 1, 'ขนาด: ธรรมดา | หวาน: ปกติ | น้ำแข็ง: ปกติ', 40.00),
	(299, 266, 7, NULL, 1, 'ขนาด: ธรรมดา | หวาน: ปกติ | น้ำแข็ง: ปกติ', 40.00),
	(300, 267, 7, NULL, 1, 'ขนาด: ธรรมดา | หวาน: ปกติ | น้ำแข็ง: ปกติ', 40.00),
	(301, 268, 7, NULL, 1, 'ขนาด: ธรรมดา | หวาน: ปกติ | น้ำแข็ง: ปกติ', 40.00),
	(302, 269, 7, NULL, 1, 'ขนาด: ธรรมดา | หวาน: ปกติ | น้ำแข็ง: ปกติ', 40.00),
	(303, 270, 11, NULL, 1, 'ขนาด: ธรรมดา | หวาน: ปกติ | น้ำแข็ง: ปกติ', 40.00),
	(304, 271, 12, NULL, 1, 'ขนาด: ธรรมดา | หวาน: ปกติ | น้ำแข็ง: ปกติ', 40.00),
	(305, 272, 9, NULL, 1, 'ขนาด: ธรรมดา | หวาน: ปกติ | น้ำแข็ง: ปกติ', 40.00),
	(306, 273, 10, NULL, 1, 'ขนาด: ธรรมดา | หวาน: ปกติ | น้ำแข็ง: ปกติ', 40.00),
	(307, 274, 12, NULL, 1, 'ขนาด: ธรรมดา | หวาน: ปกติ | น้ำแข็ง: ปกติ', 40.00),
	(308, 275, 11, NULL, 1, 'ขนาด: ธรรมดา | หวาน: ปกติ | น้ำแข็ง: ปกติ', 40.00),
	(309, 276, 8, NULL, 1, 'ขนาด: ธรรมดา | หวาน: ปกติ | น้ำแข็ง: ปกติ', 40.00),
	(310, 277, 11, NULL, 1, 'ขนาด: ธรรมดา | หวาน: ปกติ | น้ำแข็ง: ปกติ', 40.00),
	(311, 278, 12, NULL, 1, 'ขนาด: ธรรมดา | หวาน: ปกติ | น้ำแข็ง: ปกติ', 40.00),
	(312, 279, 11, NULL, 1, 'ขนาด: ธรรมดา | หวาน: ปกติ | น้ำแข็ง: ปกติ', 40.00),
	(313, 280, 7, NULL, 1, 'ขนาด: ธรรมดา | หวาน: ปกติ | น้ำแข็ง: ปกติ', 40.00),
	(314, 281, 11, NULL, 1, 'ขนาด: ธรรมดา | หวาน: ปกติ | น้ำแข็ง: ปกติ', 40.00),
	(315, 282, 10, NULL, 1, 'ขนาด: ธรรมดา | หวาน: ปกติ | น้ำแข็ง: ปกติ', 40.00),
	(316, 283, 11, NULL, 1, 'ขนาด: ธรรมดา | หวาน: ปกติ | น้ำแข็ง: ปกติ', 40.00),
	(317, 284, 11, NULL, 1, 'ขนาด: ธรรมดา | หวาน: ปกติ | น้ำแข็ง: ปกติ', 40.00),
	(318, 285, 11, NULL, 1, 'ขนาด: ธรรมดา | หวาน: ปกติ | น้ำแข็ง: ปกติ', 40.00),
	(319, 286, 10, NULL, 1, 'ขนาด: ธรรมดา | หวาน: ปกติ | น้ำแข็ง: ปกติ', 40.00),
	(320, 287, 12, NULL, 1, 'ขนาด: ธรรมดา | หวาน: ปกติ | น้ำแข็ง: ปกติ', 40.00),
	(321, 288, 22, NULL, 1, 'ขนาด: ธรรมดา | หวาน: ปกติ | น้ำแข็ง: ปกติ', 40.00),
	(322, 289, 9, NULL, 1, 'ขนาด: ธรรมดา | หวาน: ปกติ | น้ำแข็ง: ปกติ', 40.00),
	(323, 290, 18, NULL, 1, 'ขนาด: ธรรมดา | หวาน: ปกติ | น้ำแข็ง: ปกติ', 40.00),
	(324, 291, 18, NULL, 1, 'ขนาด: ธรรมดา | หวาน: ปกติ | น้ำแข็ง: ปกติ', 40.00),
	(325, 292, 9, NULL, 1, 'ขนาด: ธรรมดา | หวาน: ปกติ | น้ำแข็ง: ปกติ', 40.00),
	(326, 293, 7, NULL, 1, 'ขนาด: ธรรมดา | หวาน: ปกติ | น้ำแข็ง: ปกติ', 40.00),
	(327, 294, 11, NULL, 1, 'ขนาด: ธรรมดา | หวาน: ปกติ | น้ำแข็ง: ปกติ', 40.00),
	(328, 295, 10, NULL, 1, 'ขนาด: ธรรมดา | หวาน: ปกติ | น้ำแข็ง: ปกติ', 40.00),
	(329, 296, 12, NULL, 1, 'ขนาด: ธรรมดา | หวาน: ปกติ | น้ำแข็ง: ปกติ', 40.00),
	(330, 297, 10, NULL, 1, 'ขนาด: ธรรมดา | หวาน: ปกติ | น้ำแข็ง: ปกติ', 40.00),
	(331, 298, 10, NULL, 1, 'ขนาด: ธรรมดา | หวาน: ปกติ | น้ำแข็ง: ปกติ', 40.00),
	(332, 299, 12, NULL, 1, 'ขนาด: ธรรมดา | หวาน: ปกติ | น้ำแข็ง: ปกติ', 40.00),
	(333, 300, 10, NULL, 1, 'ขนาด: ธรรมดา | หวาน: ปกติ | น้ำแข็ง: ปกติ', 40.00),
	(334, 301, 9, NULL, 1, 'ขนาด: ธรรมดา | หวาน: ปกติ | น้ำแข็ง: ปกติ', 40.00),
	(335, 302, 10, NULL, 1, 'ขนาด: ธรรมดา | หวาน: ปกติ | น้ำแข็ง: ปกติ', 40.00),
	(336, 303, 10, NULL, 1, 'ขนาด: ธรรมดา | หวาน: ปกติ | น้ำแข็ง: ปกติ', 40.00),
	(337, 304, 12, NULL, 1, 'ขนาด: ธรรมดา | หวาน: ปกติ | น้ำแข็ง: ปกติ', 40.00),
	(338, 304, 11, NULL, 1, 'ขนาด: ธรรมดา | หวาน: ปกติ | น้ำแข็ง: ปกติ', 40.00),
	(339, 305, 12, NULL, 1, 'ขนาด: ธรรมดา | หวาน: ปกติ | น้ำแข็ง: ปกติ', 40.00),
	(340, 306, 23, NULL, 1, 'ขนาด: ธรรมดา | หวาน: ปกติ | น้ำแข็ง: ปกติ', 40.00),
	(341, 307, 8, NULL, 1, 'ขนาด: ธรรมดา | หวาน: ปกติ | น้ำแข็ง: ปกติ', 40.00),
	(342, 307, 16, NULL, 1, 'ขนาด: ธรรมดา | หวาน: ปกติ | น้ำแข็ง: ปกติ', 40.00),
	(343, 308, 7, NULL, 1, 'ขนาด: ธรรมดา | หวาน: ปกติ | น้ำแข็ง: ปกติ', 40.00),
	(344, 309, 16, NULL, 1, 'ขนาด: ธรรมดา | หวาน: ปกติ | น้ำแข็ง: ปกติ', 40.00),
	(345, 309, 18, NULL, 1, 'ขนาด: ธรรมดา | หวาน: ปกติ | น้ำแข็ง: ปกติ', 40.00),
	(346, 310, 17, NULL, 1, 'ขนาด: ธรรมดา | หวาน: ปกติ | น้ำแข็ง: ปกติ', 40.00),
	(347, 311, 22, NULL, 1, 'ขนาด: ธรรมดา | หวาน: ปกติ | น้ำแข็ง: ปกติ', 40.00),
	(348, 312, 23, NULL, 1, 'ขนาด: ธรรมดา | หวาน: ปกติ | น้ำแข็ง: ปกติ', 40.00),
	(349, 313, 10, NULL, 1, 'ขนาด: ธรรมดา | หวาน: ปกติ | น้ำแข็ง: ปกติ', 40.00),
	(350, 314, 9, NULL, 1, 'ขนาด: ธรรมดา | หวาน: ปกติ | น้ำแข็ง: ปกติ', 40.00),
	(351, 315, 10, NULL, 1, 'ขนาด: ธรรมดา | หวาน: ปกติ | น้ำแข็ง: ปกติ', 40.00),
	(352, 316, 8, NULL, 1, 'ขนาด: ธรรมดา | หวาน: ปกติ | น้ำแข็ง: ปกติ', 40.00),
	(353, 317, 9, NULL, 1, 'ขนาด: ธรรมดา | หวาน: ปกติ | น้ำแข็ง: ปกติ', 40.00),
	(354, 318, 9, NULL, 1, 'ขนาด: ธรรมดา | หวาน: ปกติ | น้ำแข็ง: ปกติ', 40.00),
	(355, 319, 10, NULL, 1, 'ขนาด: ธรรมดา | หวาน: ปกติ | น้ำแข็ง: ปกติ', 40.00),
	(356, 320, 9, NULL, 1, 'ขนาด: ธรรมดา | หวาน: ปกติ | น้ำแข็ง: ปกติ', 40.00),
	(357, 321, 7, NULL, 1, 'ขนาด: ธรรมดา | หวาน: ปกติ | น้ำแข็ง: ปกติ', 40.00),
	(358, 322, 11, NULL, 1, 'ขนาด: ธรรมดา | หวาน: ปกติ | น้ำแข็ง: ปกติ', 40.00);

-- Dumping structure for table psu_blue_cafe.promotions
CREATE TABLE IF NOT EXISTS `promotions` (
  `promo_id` int(11) NOT NULL AUTO_INCREMENT,
  `menu_id` int(11) NOT NULL,
  `promo_name` varchar(100) NOT NULL,
  `start_date` datetime NOT NULL,
  `end_date` datetime NOT NULL,
  `discount` int(11) NOT NULL,
  PRIMARY KEY (`promo_id`),
  KEY `fk_promotions_menu` (`menu_id`),
  CONSTRAINT `fk_promotions_menu` FOREIGN KEY (`menu_id`) REFERENCES `menu` (`menu_id`) ON DELETE CASCADE ON UPDATE CASCADE
) ENGINE=InnoDB DEFAULT CHARSET=utf8mb4 COLLATE=utf8mb4_unicode_ci;

-- Dumping data for table psu_blue_cafe.promotions: ~0 rows (approximately)

-- Dumping structure for table psu_blue_cafe.users
CREATE TABLE IF NOT EXISTS `users` (
  `user_id` int(11) NOT NULL AUTO_INCREMENT,
  `username` varchar(50) NOT NULL,
  `password` varchar(255) NOT NULL,
  `student_ID` int(11) NOT NULL,
  `name` varchar(100) NOT NULL,
  `role` enum('admin','employee') NOT NULL DEFAULT 'employee',
  PRIMARY KEY (`user_id`),
  UNIQUE KEY `username` (`username`)
) ENGINE=InnoDB AUTO_INCREMENT=8 DEFAULT CHARSET=utf8mb4 COLLATE=utf8mb4_general_ci;

-- Dumping data for table psu_blue_cafe.users: ~7 rows (approximately)
REPLACE INTO `users` (`user_id`, `username`, `password`, `student_ID`, `name`, `role`) VALUES
	(1, 'admin1', '81dc9bdb52d04dc20036dbd8313ed055', 65010001, 'แอดมินใหญ่', 'admin'),
	(2, 'front1', '81dc9bdb52d04dc20036dbd8313ed055', 65010002, 'พนักงานหน้าร้าน', 'employee'),
	(3, 'a1', '81dc9bdb52d04dc20036dbd8313ed055', 65010002, 'พนักงานหน้าร้าน', 'employee'),
	(4, 'awdwad', '$2y$10$Qf8RcDT83CjbbKAUuHz8Uu9X.z0GAuIuqUIuXDCPUgVDYuUCus4sG', 2147483647, 'PUBG', 'employee'),
	(5, 'admin', '$2y$10$rCtZwYbc9g3vcp41fFXl0O7SYRQSyVANmqEq.n/bOgF6gYne3Y5ku', 23232, 'dawd', 'employee'),
	(6, 'a2', '$2y$10$NGEtJrTB4vy4Qh0blF7vNe28eNVPLsO66MYWCyjmi9hvUA3dESI2O', 2147483647, '1dad', 'employee'),
	(7, 'a3', '$2y$10$LuciTtzwiNMbR2zGMlFXB.D.4CDjDipfaPHK1m8NzIEy5lctHHPPy', 123, 'a3', 'employee');

/*!40103 SET TIME_ZONE=IFNULL(@OLD_TIME_ZONE, 'system') */;
/*!40101 SET SQL_MODE=IFNULL(@OLD_SQL_MODE, '') */;
/*!40014 SET FOREIGN_KEY_CHECKS=IFNULL(@OLD_FOREIGN_KEY_CHECKS, 1) */;
/*!40101 SET CHARACTER_SET_CLIENT=@OLD_CHARACTER_SET_CLIENT */;
/*!40111 SET SQL_NOTES=IFNULL(@OLD_SQL_NOTES, 1) */;
