-- --------------------------------------------------------
-- Host:                         127.0.0.1
-- Server version:               10.4.32-MariaDB - mariadb.org binary distribution
-- Server OS:                    Win64
-- HeidiSQL Version:             12.8.0.6908
-- --------------------------------------------------------

/*!40101 SET @OLD_CHARACTER_SET_CLIENT=@@CHARACTER_SET_CLIENT */;
/*!40101 SET NAMES utf8 */;
/*!50503 SET NAMES utf8mb4 */;
/*!40103 SET @OLD_TIME_ZONE=@@TIME_ZONE */;
/*!40103 SET TIME_ZONE='+00:00' */;
/*!40014 SET @OLD_FOREIGN_KEY_CHECKS=@@FOREIGN_KEY_CHECKS, FOREIGN_KEY_CHECKS=0 */;
/*!40101 SET @OLD_SQL_MODE=@@SQL_MODE, SQL_MODE='NO_AUTO_VALUE_ON_ZERO' */;
/*!40111 SET @OLD_SQL_NOTES=@@SQL_NOTES, SQL_NOTES=0 */;


-- Dumping database structure for psu_blue_cafe
CREATE DATABASE IF NOT EXISTS `psu_blue_cafe` /*!40100 DEFAULT CHARACTER SET utf8mb4 COLLATE utf8mb4_general_ci */;
USE `psu_blue_cafe`;

-- Dumping structure for table psu_blue_cafe.attendance
CREATE TABLE IF NOT EXISTS `attendance` (
  `attendance_id` int(11) NOT NULL AUTO_INCREMENT,
  `user_id` int(11) NOT NULL,
  `date_in` date NOT NULL,
  `time_in` time NOT NULL,
  `date_out` date NOT NULL,
  `time_out` time NOT NULL,
  PRIMARY KEY (`attendance_id`),
  KEY `fk_attendance_user` (`user_id`),
  CONSTRAINT `fk_attendance_user` FOREIGN KEY (`user_id`) REFERENCES `users` (`user_id`) ON DELETE CASCADE ON UPDATE CASCADE
) ENGINE=InnoDB AUTO_INCREMENT=4 DEFAULT CHARSET=utf8mb4 COLLATE=utf8mb4_unicode_ci;

-- Dumping data for table psu_blue_cafe.attendance: ~3 rows (approximately)
INSERT IGNORE INTO `attendance` (`attendance_id`, `user_id`, `date_in`, `time_in`, `date_out`, `time_out`) VALUES
	(1, 3, '2025-08-27', '21:23:37', '2025-08-27', '21:23:48'),
	(2, 3, '2025-08-27', '21:24:42', '2025-08-27', '21:24:45'),
	(3, 3, '2025-08-27', '23:11:49', '2025-08-28', '12:10:26');

-- Dumping structure for table psu_blue_cafe.categories
CREATE TABLE IF NOT EXISTS `categories` (
  `category_id` int(11) NOT NULL AUTO_INCREMENT,
  `category_name` varchar(100) NOT NULL,
  PRIMARY KEY (`category_id`)
) ENGINE=InnoDB AUTO_INCREMENT=6 DEFAULT CHARSET=utf8mb4 COLLATE=utf8mb4_unicode_ci;

-- Dumping data for table psu_blue_cafe.categories: ~5 rows (approximately)
INSERT IGNORE INTO `categories` (`category_id`, `category_name`) VALUES
	(1, 'MATCHA'),
	(2, 'TEA & COFFEE'),
	(3, 'ITALIAN SODA'),
	(4, 'NON COFFEE'),
	(5, 'Other');

-- Dumping structure for table psu_blue_cafe.menu
CREATE TABLE IF NOT EXISTS `menu` (
  `menu_id` int(11) NOT NULL AUTO_INCREMENT,
  `category_id` int(11) NOT NULL,
  `name` varchar(100) NOT NULL,
  `price` decimal(10,2) NOT NULL,
  `description` varchar(255) DEFAULT NULL,
  `image` varchar(255) DEFAULT NULL,
  `is_active` tinyint(1) NOT NULL DEFAULT 1,
  PRIMARY KEY (`menu_id`),
  KEY `fk_menu_category` (`category_id`),
  CONSTRAINT `fk_menu_category` FOREIGN KEY (`category_id`) REFERENCES `categories` (`category_id`) ON DELETE CASCADE ON UPDATE CASCADE
) ENGINE=InnoDB AUTO_INCREMENT=24 DEFAULT CHARSET=utf8mb4 COLLATE=utf8mb4_unicode_ci;

-- Dumping data for table psu_blue_cafe.menu: ~17 rows (approximately)
INSERT IGNORE INTO `menu` (`menu_id`, `category_id`, `name`, `price`, `description`, `image`, `is_active`) VALUES
	(7, 2, 'ชาไทย', 40.00, NULL, '1755537032_3d7ed429ef.jpg', 1),
	(8, 3, 'โซดาพาณิชย์', 40.00, NULL, '1755537089_9564a8f184.png', 1),
	(9, 1, 'มัทฉะลาเต้', 40.00, NULL, '1756375083_7f688ce59c.jpg', 1),
	(10, 1, 'มัทฉะมะพร้าว', 40.00, NULL, '1756375212_b66ec3274f.webp', 1),
	(11, 2, 'ชาเขียวนม', 40.00, NULL, '1756375242_55470ce83d.webp', 1),
	(12, 2, 'ชาดำ', 40.00, NULL, '1756375310_d7f1afc2dd.jpg', 1),
	(13, 2, 'ชามะนาว', 40.00, NULL, '1756375400_68ae94caf9.jpg', 1),
	(14, 2, 'Blue Americano', 40.00, NULL, '1756375424_cea13ebdd0.jpg', 1),
	(15, 3, 'โซดาถาปัตย์', 40.00, NULL, '1756375482_bc30f29139.png', 1),
	(16, 3, 'บ๊วยโซดา', 40.00, NULL, '1756375550_2e6dff320e.jpeg', 1),
	(17, 4, 'โอวัลตินเย็น', 40.00, NULL, '1756375572_0be3f31ec9.jpg', 1),
	(18, 4, 'โกโก้เย็น', 40.00, NULL, '1756375625_841d0a2bb6.jpg', 1),
	(19, 4, 'นมชมพู', 40.00, NULL, '1756375656_0e4115762a.webp', 1),
	(20, 4, 'มะพร้าวโยเกิร์ต', 40.00, NULL, '1756375737_60eba06c92.jpg', 1),
	(21, 4, 'นมสตรอเบอร์รี่', 40.00, NULL, '1756375829_f25d6dd63e.png', 1),
	(22, 5, 'เสาวรสโซดา', 40.00, NULL, '1756375860_d9521e3685.webp', 1),
	(23, 5, 'ชาเขียวลิ้นจี่', 40.00, NULL, '1756375918_63045893fa.png', 1);

-- Dumping structure for table psu_blue_cafe.orders
CREATE TABLE IF NOT EXISTS `orders` (
  `order_id` int(11) NOT NULL AUTO_INCREMENT,
  `user_id` int(11) NOT NULL,
  `order_time` datetime NOT NULL DEFAULT current_timestamp(),
  `status` enum('pending','ready','canceled') NOT NULL DEFAULT 'pending',
  `total_price` decimal(10,2) NOT NULL,
  `updated_at` timestamp NOT NULL DEFAULT current_timestamp() ON UPDATE current_timestamp(),
  PRIMARY KEY (`order_id`),
  KEY `fk_orders_user` (`user_id`),
  KEY `idx_orders_updated_at` (`updated_at`),
  CONSTRAINT `fk_orders_user` FOREIGN KEY (`user_id`) REFERENCES `users` (`user_id`) ON DELETE CASCADE ON UPDATE CASCADE
) ENGINE=InnoDB AUTO_INCREMENT=141 DEFAULT CHARSET=utf8mb4 COLLATE=utf8mb4_unicode_ci;

-- Dumping data for table psu_blue_cafe.orders: ~137 rows (approximately)
INSERT IGNORE INTO `orders` (`order_id`, `user_id`, `order_time`, `status`, `total_price`, `updated_at`) VALUES
	(1, 4, '2025-08-19 00:45:00', 'ready', 80.00, '2025-08-24 15:35:02'),
	(2, 4, '2025-08-19 00:48:53', 'ready', 40.00, '2025-08-24 15:35:03'),
	(3, 4, '2025-08-19 01:27:52', 'ready', 240.00, '2025-08-24 15:34:27'),
	(4, 5, '2025-08-24 22:34:07', 'ready', 40.00, '2025-08-24 15:34:19'),
	(5, 5, '2025-08-24 22:35:01', 'ready', 40.00, '2025-08-24 15:35:04'),
	(6, 5, '2025-08-24 22:35:31', 'ready', 40.00, '2025-08-24 15:35:38'),
	(7, 5, '2025-08-24 22:35:45', 'ready', 40.00, '2025-08-24 15:35:55'),
	(8, 5, '2025-08-24 22:36:04', 'ready', 40.00, '2025-08-25 06:28:27'),
	(9, 5, '2025-08-24 22:36:07', 'ready', 40.00, '2025-08-25 07:00:29'),
	(10, 5, '2025-08-24 22:36:09', 'ready', 40.00, '2025-08-24 15:36:13'),
	(11, 3, '2025-08-25 13:59:38', 'ready', 40.00, '2025-08-25 06:59:42'),
	(12, 3, '2025-08-25 13:59:56', 'ready', 40.00, '2025-08-25 06:59:59'),
	(13, 3, '2025-08-25 14:00:12', 'ready', 40.00, '2025-08-25 07:00:28'),
	(14, 3, '2025-08-25 14:00:14', 'ready', 40.00, '2025-08-25 07:00:17'),
	(15, 3, '2025-08-25 14:00:33', 'ready', 40.00, '2025-08-25 07:00:50'),
	(16, 3, '2025-08-25 14:00:44', 'ready', 40.00, '2025-08-25 07:00:50'),
	(17, 3, '2025-08-26 12:57:10', 'ready', 40.00, '2025-08-26 05:57:33'),
	(18, 3, '2025-08-26 12:59:10', 'ready', 80.00, '2025-08-26 06:19:05'),
	(19, 3, '2025-08-26 13:19:15', 'ready', 40.00, '2025-08-26 06:19:39'),
	(20, 3, '2025-08-26 13:27:03', 'ready', 40.00, '2025-08-26 06:44:54'),
	(21, 3, '2025-08-26 13:40:30', 'ready', 40.00, '2025-08-26 06:44:54'),
	(22, 3, '2025-08-26 13:42:15', 'ready', 40.00, '2025-08-26 06:44:53'),
	(23, 3, '2025-08-26 13:42:41', 'ready', 40.00, '2025-08-26 06:44:51'),
	(24, 3, '2025-08-26 13:43:54', 'ready', 40.00, '2025-08-26 06:43:57'),
	(25, 3, '2025-08-27 18:17:21', 'ready', 40.00, '2025-08-27 11:17:34'),
	(26, 3, '2025-08-27 20:01:53', 'ready', 80.00, '2025-08-27 13:02:08'),
	(27, 3, '2025-08-27 20:03:14', 'ready', 40.00, '2025-08-27 13:03:34'),
	(28, 3, '2025-08-27 20:04:06', 'ready', 40.00, '2025-08-27 13:04:21'),
	(29, 3, '2025-08-27 20:04:31', 'ready', 40.00, '2025-08-27 13:04:47'),
	(30, 3, '2025-08-27 20:07:12', 'ready', 40.00, '2025-08-27 13:07:45'),
	(31, 3, '2025-08-27 20:21:02', 'ready', 80.00, '2025-08-27 13:22:01'),
	(32, 3, '2025-08-27 20:22:34', 'ready', 40.00, '2025-08-27 13:22:49'),
	(33, 3, '2025-08-27 20:23:20', 'ready', 40.00, '2025-08-27 13:24:04'),
	(34, 3, '2025-08-27 20:28:05', 'ready', 40.00, '2025-08-27 13:28:30'),
	(35, 3, '2025-08-27 20:28:50', 'ready', 40.00, '2025-08-27 13:30:43'),
	(36, 3, '2025-08-27 20:30:48', 'ready', 40.00, '2025-08-27 13:31:13'),
	(37, 3, '2025-08-27 20:31:58', 'ready', 40.00, '2025-08-27 13:32:27'),
	(38, 3, '2025-08-27 20:35:16', 'ready', 40.00, '2025-08-27 13:35:52'),
	(39, 3, '2025-08-27 20:42:30', 'ready', 40.00, '2025-08-27 13:43:23'),
	(40, 3, '2025-08-27 20:43:35', 'ready', 40.00, '2025-08-27 13:43:38'),
	(41, 3, '2025-08-27 20:44:12', 'ready', 40.00, '2025-08-27 13:44:14'),
	(42, 3, '2025-08-27 20:44:22', 'ready', 40.00, '2025-08-27 13:44:24'),
	(43, 3, '2025-08-27 20:44:39', 'ready', 40.00, '2025-08-27 13:44:41'),
	(44, 3, '2025-08-27 20:45:38', 'ready', 40.00, '2025-08-27 13:45:40'),
	(45, 3, '2025-08-27 20:45:52', 'ready', 40.00, '2025-08-27 13:45:54'),
	(46, 3, '2025-08-27 20:47:01', 'ready', 40.00, '2025-08-27 13:47:03'),
	(47, 3, '2025-08-27 20:50:39', 'ready', 200.00, '2025-08-27 13:50:42'),
	(48, 3, '2025-08-27 20:51:29', 'ready', 40.00, '2025-08-27 13:53:06'),
	(49, 3, '2025-08-27 20:58:18', 'ready', 80.00, '2025-08-27 14:00:43'),
	(50, 3, '2025-08-27 21:00:58', 'ready', 40.00, '2025-08-27 14:01:01'),
	(51, 3, '2025-08-27 21:01:09', 'ready', 40.00, '2025-08-27 14:01:11'),
	(52, 3, '2025-08-27 21:01:17', 'ready', 40.00, '2025-08-27 14:01:19'),
	(53, 3, '2025-08-27 21:01:23', 'ready', 40.00, '2025-08-27 14:04:28'),
	(54, 3, '2025-08-27 21:04:32', 'ready', 40.00, '2025-08-27 14:04:34'),
	(55, 3, '2025-08-27 21:04:49', 'ready', 40.00, '2025-08-27 14:04:51'),
	(56, 3, '2025-08-27 21:05:15', 'ready', 40.00, '2025-08-27 14:05:22'),
	(57, 3, '2025-08-27 21:05:34', 'ready', 40.00, '2025-08-27 14:06:14'),
	(58, 3, '2025-08-27 21:06:00', 'canceled', 40.00, '2025-08-27 14:06:15'),
	(59, 3, '2025-08-27 21:06:05', 'ready', 40.00, '2025-08-27 14:10:09'),
	(60, 3, '2025-08-27 21:10:11', 'ready', 40.00, '2025-08-27 14:10:13'),
	(61, 3, '2025-08-27 21:10:19', 'ready', 40.00, '2025-08-27 14:10:20'),
	(62, 3, '2025-08-27 21:10:27', 'ready', 40.00, '2025-08-27 14:10:28'),
	(63, 3, '2025-08-27 21:10:36', 'ready', 40.00, '2025-08-27 14:10:38'),
	(64, 3, '2025-08-27 21:10:51', 'ready', 80.00, '2025-08-27 14:10:59'),
	(65, 3, '2025-08-27 21:11:10', 'ready', 200.00, '2025-08-27 14:11:14'),
	(66, 3, '2025-08-27 23:29:26', 'ready', 40.00, '2025-08-27 16:29:29'),
	(67, 3, '2025-08-27 23:40:42', 'ready', 40.00, '2025-08-27 16:40:51'),
	(68, 3, '2025-08-27 23:42:53', 'ready', 80.00, '2025-08-27 16:43:14'),
	(69, 3, '2025-08-27 23:47:29', 'ready', 40.00, '2025-08-27 16:50:08'),
	(70, 3, '2025-08-28 12:08:06', 'ready', 40.00, '2025-08-28 05:10:00'),
	(71, 3, '2025-08-28 12:08:16', 'ready', 40.00, '2025-08-28 05:09:59'),
	(72, 3, '2025-08-28 12:11:26', 'ready', 40.00, '2025-08-28 05:11:29'),
	(73, 3, '2025-08-28 16:28:54', 'ready', 280.00, '2025-08-30 08:04:56'),
	(74, 3, '2025-08-28 16:30:35', 'ready', 200.00, '2025-08-30 08:04:55'),
	(75, 3, '2025-08-28 16:30:45', 'ready', 160.00, '2025-08-30 08:04:55'),
	(76, 3, '2025-08-28 16:30:55', 'ready', 120.00, '2025-08-30 08:04:54'),
	(77, 3, '2025-08-28 19:59:58', 'ready', 120.00, '2025-08-30 08:04:53'),
	(78, 3, '2025-08-29 01:00:17', 'ready', 440.00, '2025-08-30 08:04:52'),
	(79, 3, '2025-08-30 11:52:29', 'ready', 40.00, '2025-08-30 08:04:51'),
	(80, 3, '2025-08-30 11:54:53', 'ready', 40.00, '2025-08-30 08:04:51'),
	(81, 3, '2025-08-30 12:57:46', 'ready', 160.00, '2025-08-30 08:04:50'),
	(82, 3, '2025-08-30 19:06:09', 'ready', 40.00, '2025-08-30 12:06:33'),
	(83, 3, '2025-08-30 19:07:44', 'ready', 80.00, '2025-08-30 12:07:57'),
	(84, 3, '2025-08-30 19:08:01', 'ready', 40.00, '2025-08-30 12:09:08'),
	(85, 3, '2025-08-30 19:08:05', 'ready', 40.00, '2025-08-30 12:09:08'),
	(86, 3, '2025-08-30 19:08:07', 'ready', 40.00, '2025-08-30 12:09:08'),
	(87, 3, '2025-08-30 19:08:10', 'ready', 40.00, '2025-08-30 12:09:07'),
	(88, 3, '2025-08-30 19:08:12', 'ready', 40.00, '2025-08-30 12:09:07'),
	(89, 3, '2025-08-30 19:08:14', 'ready', 40.00, '2025-08-30 12:09:06'),
	(90, 3, '2025-08-30 19:08:15', 'ready', 40.00, '2025-08-30 12:09:06'),
	(91, 3, '2025-08-30 19:08:15', 'ready', 40.00, '2025-08-30 12:09:06'),
	(92, 3, '2025-08-30 19:08:16', 'ready', 40.00, '2025-08-30 12:09:05'),
	(93, 3, '2025-08-30 19:08:17', 'ready', 40.00, '2025-08-30 12:09:05'),
	(94, 3, '2025-08-30 19:08:18', 'ready', 40.00, '2025-08-30 12:09:05'),
	(95, 3, '2025-08-30 19:08:19', 'ready', 40.00, '2025-08-30 12:09:04'),
	(96, 3, '2025-08-30 19:08:27', 'ready', 40.00, '2025-08-30 12:09:04'),
	(97, 3, '2025-08-30 19:08:48', 'ready', 40.00, '2025-08-30 12:09:04'),
	(98, 3, '2025-08-30 19:08:54', 'ready', 40.00, '2025-08-30 12:09:03'),
	(99, 3, '2025-08-30 19:08:56', 'ready', 40.00, '2025-08-30 12:09:03'),
	(100, 3, '2025-08-30 19:08:57', 'ready', 40.00, '2025-08-30 12:09:02'),
	(101, 3, '2025-08-30 19:08:58', 'ready', 40.00, '2025-08-30 12:09:02'),
	(102, 3, '2025-08-30 19:08:59', 'ready', 40.00, '2025-08-30 12:09:02'),
	(103, 3, '2025-08-30 19:09:00', 'ready', 40.00, '2025-08-30 12:09:01'),
	(104, 3, '2025-08-30 19:09:11', 'ready', 40.00, '2025-09-01 05:03:38'),
	(105, 3, '2025-08-30 19:09:12', 'ready', 40.00, '2025-09-01 05:03:37'),
	(106, 3, '2025-08-30 19:09:13', 'ready', 40.00, '2025-09-01 05:03:37'),
	(107, 3, '2025-08-30 19:09:13', 'ready', 40.00, '2025-09-01 05:03:37'),
	(108, 3, '2025-08-30 19:09:14', 'ready', 40.00, '2025-09-01 05:03:36'),
	(109, 3, '2025-08-30 19:09:15', 'ready', 40.00, '2025-09-01 05:03:36'),
	(110, 3, '2025-08-30 19:09:15', 'ready', 40.00, '2025-09-01 05:03:36'),
	(111, 3, '2025-08-30 19:09:16', 'ready', 40.00, '2025-09-01 05:03:35'),
	(112, 3, '2025-08-30 19:09:16', 'ready', 40.00, '2025-09-01 05:03:35'),
	(113, 3, '2025-08-30 19:09:17', 'ready', 40.00, '2025-09-01 05:03:34'),
	(114, 3, '2025-08-30 19:09:17', 'ready', 40.00, '2025-09-01 05:03:34'),
	(115, 3, '2025-08-30 19:09:18', 'ready', 40.00, '2025-09-01 05:03:32'),
	(116, 3, '2025-08-30 19:09:18', 'ready', 40.00, '2025-09-01 05:03:31'),
	(117, 3, '2025-08-30 19:09:18', 'ready', 40.00, '2025-09-01 05:03:31'),
	(118, 3, '2025-08-30 19:09:19', 'ready', 40.00, '2025-09-01 05:03:30'),
	(119, 3, '2025-08-30 19:09:20', 'ready', 40.00, '2025-09-01 05:03:11'),
	(120, 3, '2025-08-30 19:09:23', 'ready', 40.00, '2025-08-30 12:09:50'),
	(121, 3, '2025-08-30 19:09:27', 'ready', 40.00, '2025-08-30 12:09:50'),
	(122, 3, '2025-08-30 19:10:16', 'ready', 120.00, '2025-08-30 15:11:41'),
	(123, 3, '2025-08-30 19:10:59', 'ready', 80.00, '2025-08-30 15:11:40'),
	(124, 3, '2025-08-30 19:11:01', 'ready', 40.00, '2025-08-30 15:11:39'),
	(125, 3, '2025-08-30 19:11:02', 'ready', 40.00, '2025-08-30 15:11:39'),
	(126, 3, '2025-08-30 19:11:03', 'ready', 40.00, '2025-08-30 15:11:38'),
	(127, 3, '2025-08-30 19:11:04', 'ready', 40.00, '2025-08-30 15:11:38'),
	(128, 3, '2025-08-30 19:11:06', 'ready', 40.00, '2025-08-30 15:11:38'),
	(129, 3, '2025-08-30 19:13:40', 'ready', 40.00, '2025-08-30 15:11:36'),
	(130, 3, '2025-08-30 19:13:41', 'ready', 40.00, '2025-08-30 15:11:37'),
	(131, 3, '2025-08-30 19:13:43', 'ready', 40.00, '2025-08-30 15:11:35'),
	(132, 3, '2025-08-30 22:30:12', 'ready', 40.00, '2025-09-01 05:03:10'),
	(133, 3, '2025-08-30 22:30:15', 'ready', 80.00, '2025-08-30 18:43:21'),
	(134, 3, '2025-08-30 22:30:31', 'ready', 40.00, '2025-08-30 18:43:20'),
	(135, 3, '2025-08-30 23:09:47', 'ready', 40.00, '2025-08-30 18:43:19'),
	(136, 3, '2025-08-31 01:43:42', 'ready', 80.00, '2025-09-01 05:01:36'),
	(137, 3, '2025-08-31 01:43:45', 'ready', 40.00, '2025-09-01 05:01:36'),
	(138, 3, '2025-09-01 12:01:00', 'ready', 200.00, '2025-09-01 05:01:35'),
	(139, 3, '2025-09-01 12:03:28', 'ready', 40.00, '2025-09-01 05:03:30'),
	(140, 3, '2025-09-01 12:03:41', 'ready', 40.00, '2025-09-01 05:03:43');

-- Dumping structure for table psu_blue_cafe.order_details
CREATE TABLE IF NOT EXISTS `order_details` (
  `order_detail_id` int(11) NOT NULL AUTO_INCREMENT,
  `order_id` int(11) NOT NULL,
  `menu_id` int(11) NOT NULL,
  `promo_id` int(11) DEFAULT NULL,
  `quantity` int(11) NOT NULL,
  `note` varchar(255) DEFAULT NULL,
  `total_price` decimal(10,2) NOT NULL,
  PRIMARY KEY (`order_detail_id`),
  KEY `fk_details_order` (`order_id`),
  KEY `fk_details_menu` (`menu_id`),
  KEY `fk_details_promo` (`promo_id`),
  CONSTRAINT `fk_details_menu` FOREIGN KEY (`menu_id`) REFERENCES `menu` (`menu_id`) ON DELETE CASCADE ON UPDATE CASCADE,
  CONSTRAINT `fk_details_order` FOREIGN KEY (`order_id`) REFERENCES `orders` (`order_id`) ON DELETE CASCADE ON UPDATE CASCADE,
  CONSTRAINT `fk_details_promo` FOREIGN KEY (`promo_id`) REFERENCES `promotions` (`promo_id`) ON DELETE SET NULL ON UPDATE CASCADE
) ENGINE=InnoDB AUTO_INCREMENT=167 DEFAULT CHARSET=utf8mb4 COLLATE=utf8mb4_unicode_ci;

-- Dumping data for table psu_blue_cafe.order_details: ~158 rows (approximately)
INSERT IGNORE INTO `order_details` (`order_detail_id`, `order_id`, `menu_id`, `promo_id`, `quantity`, `note`, `total_price`) VALUES
	(3, 3, 8, NULL, 6, NULL, 240.00),
	(4, 4, 7, NULL, 1, 'ขนาด: ธรรมดา | หวาน: ปกติ | น้ำแข็ง: ปกติ', 40.00),
	(5, 5, 7, NULL, 1, 'ขนาด: ธรรมดา | หวาน: ปกติ | น้ำแข็ง: ปกติ', 40.00),
	(6, 6, 7, NULL, 1, 'ขนาด: ธรรมดา | หวาน: ปกติ | น้ำแข็ง: ปกติ', 40.00),
	(7, 7, 7, NULL, 1, 'ขนาด: ธรรมดา | หวาน: ปกติ | น้ำแข็ง: ปกติ', 40.00),
	(8, 8, 7, NULL, 1, 'ขนาด: ธรรมดา | หวาน: ปกติ | น้ำแข็ง: ปกติ', 40.00),
	(9, 9, 7, NULL, 1, 'ขนาด: ธรรมดา | หวาน: ปกติ | น้ำแข็ง: ปกติ', 40.00),
	(10, 10, 7, NULL, 1, 'ขนาด: ธรรมดา | หวาน: ปกติ | น้ำแข็ง: ปกติ', 40.00),
	(11, 11, 7, NULL, 1, 'ขนาด: ธรรมดา | หวาน: ปกติ | น้ำแข็ง: ปกติ', 40.00),
	(12, 12, 7, NULL, 1, 'ขนาด: ธรรมดา | หวาน: ปกติ | น้ำแข็ง: ปกติ', 40.00),
	(13, 13, 8, NULL, 1, 'ขนาด: ธรรมดา | หวาน: ปกติ | น้ำแข็ง: ปกติ', 40.00),
	(14, 14, 8, NULL, 1, 'ขนาด: ธรรมดา | หวาน: ปกติ | น้ำแข็ง: ปกติ', 40.00),
	(15, 15, 7, NULL, 1, 'ขนาด: ธรรมดา | หวาน: ปกติ | น้ำแข็ง: ปกติ', 40.00),
	(16, 16, 7, NULL, 1, 'ขนาด: ธรรมดา | หวาน: ปกติ | น้ำแข็ง: ปกติ', 40.00),
	(17, 17, 8, NULL, 1, 'ขนาด: ธรรมดา | หวาน: หวานน้อย | น้ำแข็ง: ปกติ', 40.00),
	(18, 18, 7, NULL, 1, 'ขนาด: ธรรมดา | หวาน: ปกติ | น้ำแข็ง: ปกติ', 40.00),
	(19, 18, 8, NULL, 1, 'ขนาด: ธรรมดา | หวาน: ปกติ | น้ำแข็ง: ปกติ', 40.00),
	(20, 19, 7, NULL, 1, 'ขนาด: ธรรมดา | หวาน: ปกติ | น้ำแข็ง: ปกติ', 40.00),
	(21, 20, 7, NULL, 1, 'ขนาด: ธรรมดา | หวาน: ปกติ | น้ำแข็ง: ปกติ', 40.00),
	(22, 21, 7, NULL, 1, 'ขนาด: ธรรมดา | หวาน: ปกติ | น้ำแข็ง: ปกติ', 40.00),
	(23, 22, 7, NULL, 1, 'ขนาด: ธรรมดา | หวาน: ปกติ | น้ำแข็ง: ปกติ', 40.00),
	(24, 23, 7, NULL, 1, 'ขนาด: ธรรมดา | หวาน: ปกติ | น้ำแข็ง: ปกติ', 40.00),
	(25, 24, 8, NULL, 1, 'ขนาด: ธรรมดา | หวาน: ปกติ | น้ำแข็ง: ปกติ', 40.00),
	(26, 25, 7, NULL, 1, 'ขนาด: ธรรมดา | หวาน: ปกติ | น้ำแข็ง: ปกติ', 40.00),
	(27, 26, 8, NULL, 1, 'ขนาด: ธรรมดา | หวาน: ปกติ | น้ำแข็ง: ปกติ', 40.00),
	(28, 26, 7, NULL, 1, 'ขนาด: ธรรมดา | หวาน: ปกติ | น้ำแข็ง: ปกติ', 40.00),
	(29, 27, 7, NULL, 1, 'ขนาด: ธรรมดา | หวาน: ปกติ | น้ำแข็ง: ปกติ', 40.00),
	(30, 28, 7, NULL, 1, 'ขนาด: ธรรมดา | หวาน: ปกติ | น้ำแข็ง: ปกติ', 40.00),
	(31, 29, 7, NULL, 1, 'ขนาด: ธรรมดา | หวาน: ปกติ | น้ำแข็ง: ปกติ', 40.00),
	(32, 30, 7, NULL, 1, 'ขนาด: ธรรมดา | หวาน: ปกติ | น้ำแข็ง: ปกติ', 40.00),
	(33, 31, 7, NULL, 2, 'ขนาด: ธรรมดา | หวาน: ปกติ | น้ำแข็ง: ปกติ', 80.00),
	(34, 32, 7, NULL, 1, 'ขนาด: ธรรมดา | หวาน: ปกติ | น้ำแข็ง: ปกติ', 40.00),
	(35, 33, 7, NULL, 1, 'ขนาด: ธรรมดา | หวาน: ปกติ | น้ำแข็ง: ปกติ', 40.00),
	(36, 34, 8, NULL, 1, 'ขนาด: ธรรมดา | หวาน: ปกติ | น้ำแข็ง: ปกติ', 40.00),
	(37, 35, 8, NULL, 1, 'ขนาด: ธรรมดา | หวาน: ปกติ | น้ำแข็ง: ปกติ', 40.00),
	(38, 36, 8, NULL, 1, 'ขนาด: ธรรมดา | หวาน: ปกติ | น้ำแข็ง: ปกติ', 40.00),
	(39, 37, 7, NULL, 1, 'ขนาด: ธรรมดา | หวาน: ปกติ | น้ำแข็ง: ปกติ', 40.00),
	(40, 38, 7, NULL, 1, 'ขนาด: ธรรมดา | หวาน: ปกติ | น้ำแข็ง: ปกติ', 40.00),
	(41, 39, 8, NULL, 1, 'ขนาด: ธรรมดา | หวาน: ปกติ | น้ำแข็ง: ปกติ', 40.00),
	(42, 40, 8, NULL, 1, 'ขนาด: ธรรมดา | หวาน: ปกติ | น้ำแข็ง: ปกติ', 40.00),
	(43, 41, 7, NULL, 1, 'ขนาด: ธรรมดา | หวาน: ปกติ | น้ำแข็ง: ปกติ', 40.00),
	(44, 42, 7, NULL, 1, 'ขนาด: ธรรมดา | หวาน: ปกติ | น้ำแข็ง: ปกติ', 40.00),
	(45, 43, 8, NULL, 1, 'ขนาด: ธรรมดา | หวาน: ปกติ | น้ำแข็ง: ปกติ', 40.00),
	(46, 44, 8, NULL, 1, 'ขนาด: ธรรมดา | หวาน: ปกติ | น้ำแข็ง: ปกติ', 40.00),
	(47, 45, 8, NULL, 1, 'ขนาด: ธรรมดา | หวาน: ปกติ | น้ำแข็ง: ปกติ', 40.00),
	(48, 46, 8, NULL, 1, 'ขนาด: ธรรมดา | หวาน: ปกติ | น้ำแข็ง: ปกติ', 40.00),
	(49, 47, 8, NULL, 4, 'ขนาด: ธรรมดา | หวาน: ปกติ | น้ำแข็ง: ปกติ', 160.00),
	(50, 47, 7, NULL, 1, 'ขนาด: ธรรมดา | หวาน: ปกติ | น้ำแข็ง: ปกติ', 40.00),
	(51, 48, 7, NULL, 1, 'ขนาด: ธรรมดา | หวาน: ปกติ | น้ำแข็ง: ปกติ', 40.00),
	(52, 49, 7, NULL, 1, 'ขนาด: ธรรมดา | หวาน: ปกติ | น้ำแข็ง: ปกติ', 40.00),
	(53, 49, 8, NULL, 1, 'ขนาด: ธรรมดา | หวาน: ปกติ | น้ำแข็ง: ปกติ', 40.00),
	(54, 50, 7, NULL, 1, 'ขนาด: ธรรมดา | หวาน: ปกติ | น้ำแข็ง: ปกติ', 40.00),
	(55, 51, 7, NULL, 1, 'ขนาด: ธรรมดา | หวาน: ปกติ | น้ำแข็ง: ปกติ', 40.00),
	(56, 52, 7, NULL, 1, 'ขนาด: ธรรมดา | หวาน: ปกติ | น้ำแข็ง: ปกติ', 40.00),
	(57, 53, 7, NULL, 1, 'ขนาด: ธรรมดา | หวาน: ปกติ | น้ำแข็ง: ปกติ', 40.00),
	(58, 54, 7, NULL, 1, 'ขนาด: ธรรมดา | หวาน: ปกติ | น้ำแข็ง: ปกติ', 40.00),
	(59, 55, 7, NULL, 1, 'ขนาด: ธรรมดา | หวาน: ปกติ | น้ำแข็ง: ปกติ', 40.00),
	(60, 56, 7, NULL, 1, 'ขนาด: ธรรมดา | หวาน: ปกติ | น้ำแข็ง: ปกติ', 40.00),
	(61, 57, 7, NULL, 1, 'ขนาด: ธรรมดา | หวาน: ปกติ | น้ำแข็ง: ปกติ', 40.00),
	(62, 58, 7, NULL, 1, 'ขนาด: ธรรมดา | หวาน: ปกติ | น้ำแข็ง: ปกติ', 40.00),
	(63, 59, 8, NULL, 1, 'ขนาด: ธรรมดา | หวาน: ปกติ | น้ำแข็ง: ปกติ', 40.00),
	(64, 60, 7, NULL, 1, 'ขนาด: ธรรมดา | หวาน: ปกติ | น้ำแข็ง: ปกติ', 40.00),
	(65, 61, 7, NULL, 1, 'ขนาด: ธรรมดา | หวาน: ปกติ | น้ำแข็ง: ปกติ', 40.00),
	(66, 62, 8, NULL, 1, 'ขนาด: ธรรมดา | หวาน: ปกติ | น้ำแข็ง: ปกติ', 40.00),
	(67, 63, 8, NULL, 1, 'ขนาด: ธรรมดา | หวาน: ปกติ | น้ำแข็ง: ปกติ', 40.00),
	(68, 64, 7, NULL, 2, 'ขนาด: ธรรมดา | หวาน: ปกติ | น้ำแข็ง: ปกติ', 80.00),
	(69, 65, 7, NULL, 5, 'ขนาด: ธรรมดา | หวาน: ปกติ | น้ำแข็ง: ปกติ', 200.00),
	(70, 66, 7, NULL, 1, 'ขนาด: ธรรมดา | หวาน: ปกติ | น้ำแข็ง: ปกติ', 40.00),
	(71, 67, 7, NULL, 1, 'ขนาด: ธรรมดา | หวาน: ปกติ | น้ำแข็ง: ปกติ', 40.00),
	(72, 68, 7, NULL, 1, 'ขนาด: ธรรมดา | หวาน: ปกติ | น้ำแข็ง: ปกติ', 40.00),
	(73, 68, 8, NULL, 1, 'ขนาด: ธรรมดา | หวาน: ปกติ | น้ำแข็ง: ปกติ', 40.00),
	(74, 69, 7, NULL, 1, 'ขนาด: ธรรมดา | หวาน: ปกติ | น้ำแข็ง: ปกติ', 40.00),
	(75, 70, 7, NULL, 1, 'ขนาด: ธรรมดา | หวาน: ปกติ | น้ำแข็ง: ปกติ', 40.00),
	(76, 71, 8, NULL, 1, 'ขนาด: ธรรมดา | หวาน: ปกติ | น้ำแข็ง: ปกติ', 40.00),
	(77, 72, 7, NULL, 1, 'ขนาด: ธรรมดา | หวาน: ปกติ | น้ำแข็ง: ปกติ', 40.00),
	(78, 73, 8, NULL, 4, 'ขนาด: ธรรมดา | หวาน: ปกติ | น้ำแข็ง: ปกติ', 160.00),
	(79, 73, 7, NULL, 3, 'ขนาด: ธรรมดา | หวาน: ปกติ | น้ำแข็ง: ปกติ', 120.00),
	(80, 74, 8, NULL, 2, 'ขนาด: ธรรมดา | หวาน: ปกติ | น้ำแข็ง: ปกติ', 80.00),
	(81, 74, 7, NULL, 3, 'ขนาด: ธรรมดา | หวาน: ปกติ | น้ำแข็ง: ปกติ', 120.00),
	(82, 75, 8, NULL, 2, 'ขนาด: ธรรมดา | หวาน: ปกติ | น้ำแข็ง: ปกติ', 80.00),
	(83, 75, 7, NULL, 2, 'ขนาด: ธรรมดา | หวาน: ปกติ | น้ำแข็ง: ปกติ', 80.00),
	(84, 76, 8, NULL, 1, 'ขนาด: ธรรมดา | หวาน: ปกติ | น้ำแข็ง: ปกติ', 40.00),
	(85, 76, 7, NULL, 2, 'ขนาด: ธรรมดา | หวาน: ปกติ | น้ำแข็ง: ปกติ', 80.00),
	(86, 77, 11, NULL, 1, 'ขนาด: ธรรมดา | หวาน: ปกติ | น้ำแข็ง: ปกติ', 40.00),
	(87, 77, 9, NULL, 2, 'ขนาด: ธรรมดา | หวาน: ปกติ | น้ำแข็ง: ปกติ', 80.00),
	(88, 78, 12, NULL, 1, 'ขนาด: ธรรมดา | หวาน: ปกติ | น้ำแข็ง: ปกติ', 40.00),
	(89, 78, 18, NULL, 4, 'ขนาด: ธรรมดา | หวาน: ปกติ | น้ำแข็ง: ปกติ', 160.00),
	(90, 78, 10, NULL, 2, 'ขนาด: ธรรมดา | หวาน: ปกติ | น้ำแข็ง: ปกติ', 80.00),
	(91, 78, 22, NULL, 1, 'ขนาด: ธรรมดา | หวาน: ปกติ | น้ำแข็ง: ปกติ', 40.00),
	(92, 78, 21, NULL, 1, 'ขนาด: ธรรมดา | หวาน: ปกติ | น้ำแข็ง: ปกติ', 40.00),
	(93, 78, 11, NULL, 1, 'ขนาด: ธรรมดา | หวาน: ปกติ | น้ำแข็ง: ปกติ', 40.00),
	(94, 78, 23, NULL, 1, 'ขนาด: ธรรมดา | หวาน: ปกติ | น้ำแข็ง: ปกติ', 40.00),
	(95, 79, 10, NULL, 1, 'ขนาด: ธรรมดา | หวาน: ปกติ | น้ำแข็ง: ปกติ', 40.00),
	(96, 80, 12, NULL, 1, 'ขนาด: ธรรมดา | หวาน: ปกติ | น้ำแข็ง: ปกติ', 40.00),
	(97, 81, 11, NULL, 1, 'ขนาด: ธรรมดา | หวาน: ปกติ | น้ำแข็ง: ปกติ', 40.00),
	(98, 81, 23, NULL, 1, 'ขนาด: ธรรมดา | หวาน: ปกติ | น้ำแข็ง: ปกติ', 40.00),
	(99, 81, 18, NULL, 2, 'ขนาด: ธรรมดา | หวาน: ปกติ | น้ำแข็ง: เยอะ', 80.00),
	(100, 82, 12, NULL, 1, 'ขนาด: ธรรมดา | หวาน: ปกติ | น้ำแข็ง: ปกติ', 40.00),
	(101, 83, 12, NULL, 1, 'ขนาด: ธรรมดา | หวาน: ปกติ | น้ำแข็ง: ปกติ', 40.00),
	(102, 83, 7, NULL, 1, 'ขนาด: ธรรมดา | หวาน: ปกติ | น้ำแข็ง: ปกติ', 40.00),
	(103, 84, 11, NULL, 1, 'ขนาด: ธรรมดา | หวาน: ปกติ | น้ำแข็ง: ปกติ', 40.00),
	(104, 85, 18, NULL, 1, 'ขนาด: ธรรมดา | หวาน: ปกติ | น้ำแข็ง: ปกติ', 40.00),
	(105, 86, 10, NULL, 1, 'ขนาด: ใหญ่ | หวาน: ปกติ | น้ำแข็ง: ปกติ', 40.00),
	(106, 87, 11, NULL, 1, 'ขนาด: ธรรมดา | หวาน: ปกติ | น้ำแข็ง: ปกติ', 40.00),
	(107, 88, 11, NULL, 1, 'ขนาด: ธรรมดา | หวาน: ปกติ | น้ำแข็ง: ปกติ', 40.00),
	(108, 89, 10, NULL, 1, 'ขนาด: ธรรมดา | หวาน: ปกติ | น้ำแข็ง: ปกติ', 40.00),
	(109, 90, 17, NULL, 1, 'ขนาด: ธรรมดา | หวาน: ปกติ | น้ำแข็ง: ปกติ', 40.00),
	(110, 91, 18, NULL, 1, 'ขนาด: ธรรมดา | หวาน: ปกติ | น้ำแข็ง: ปกติ', 40.00),
	(111, 92, 18, NULL, 1, 'ขนาด: ธรรมดา | หวาน: ปกติ | น้ำแข็ง: ปกติ', 40.00),
	(112, 93, 23, NULL, 1, 'ขนาด: ธรรมดา | หวาน: ปกติ | น้ำแข็ง: ปกติ', 40.00),
	(113, 94, 22, NULL, 1, 'ขนาด: ธรรมดา | หวาน: ปกติ | น้ำแข็ง: ปกติ', 40.00),
	(114, 95, 20, NULL, 1, 'ขนาด: ธรรมดา | หวาน: ปกติ | น้ำแข็ง: ปกติ', 40.00),
	(115, 96, 10, NULL, 1, 'ขนาด: ธรรมดา | หวาน: ปกติ | น้ำแข็ง: ปกติ', 40.00),
	(116, 97, 11, NULL, 1, 'ขนาด: ธรรมดา | หวาน: ปกติ | น้ำแข็ง: ปกติ', 40.00),
	(117, 98, 10, NULL, 1, 'ขนาด: ธรรมดา | หวาน: ปกติ | น้ำแข็ง: ปกติ', 40.00),
	(118, 99, 12, NULL, 1, 'ขนาด: ธรรมดา | หวาน: ปกติ | น้ำแข็ง: ปกติ', 40.00),
	(119, 100, 10, NULL, 1, 'ขนาด: ธรรมดา | หวาน: ปกติ | น้ำแข็ง: ปกติ', 40.00),
	(120, 101, 9, NULL, 1, 'ขนาด: ธรรมดา | หวาน: ปกติ | น้ำแข็ง: ปกติ', 40.00),
	(121, 102, 9, NULL, 1, 'ขนาด: ธรรมดา | หวาน: ปกติ | น้ำแข็ง: ปกติ', 40.00),
	(122, 103, 9, NULL, 1, 'ขนาด: ธรรมดา | หวาน: ปกติ | น้ำแข็ง: ปกติ', 40.00),
	(123, 104, 23, NULL, 1, 'ขนาด: ธรรมดา | หวาน: ปกติ | น้ำแข็ง: ปกติ', 40.00),
	(124, 105, 18, NULL, 1, 'ขนาด: ธรรมดา | หวาน: ปกติ | น้ำแข็ง: ปกติ', 40.00),
	(125, 106, 18, NULL, 1, 'ขนาด: ธรรมดา | หวาน: ปกติ | น้ำแข็ง: ปกติ', 40.00),
	(126, 107, 18, NULL, 1, 'ขนาด: ธรรมดา | หวาน: ปกติ | น้ำแข็ง: ปกติ', 40.00),
	(127, 108, 18, NULL, 1, 'ขนาด: ธรรมดา | หวาน: ปกติ | น้ำแข็ง: ปกติ', 40.00),
	(128, 109, 18, NULL, 1, 'ขนาด: ธรรมดา | หวาน: ปกติ | น้ำแข็ง: ปกติ', 40.00),
	(129, 110, 18, NULL, 1, 'ขนาด: ธรรมดา | หวาน: ปกติ | น้ำแข็ง: ปกติ', 40.00),
	(130, 111, 18, NULL, 1, 'ขนาด: ธรรมดา | หวาน: ปกติ | น้ำแข็ง: ปกติ', 40.00),
	(131, 112, 18, NULL, 1, 'ขนาด: ธรรมดา | หวาน: ปกติ | น้ำแข็ง: ปกติ', 40.00),
	(132, 113, 18, NULL, 1, 'ขนาด: ธรรมดา | หวาน: ปกติ | น้ำแข็ง: ปกติ', 40.00),
	(133, 114, 18, NULL, 1, 'ขนาด: ธรรมดา | หวาน: ปกติ | น้ำแข็ง: ปกติ', 40.00),
	(134, 115, 18, NULL, 1, 'ขนาด: ธรรมดา | หวาน: ปกติ | น้ำแข็ง: ปกติ', 40.00),
	(135, 116, 18, NULL, 1, 'ขนาด: ธรรมดา | หวาน: ปกติ | น้ำแข็ง: ปกติ', 40.00),
	(136, 117, 18, NULL, 1, 'ขนาด: ธรรมดา | หวาน: ปกติ | น้ำแข็ง: ปกติ', 40.00),
	(137, 118, 18, NULL, 1, 'ขนาด: ธรรมดา | หวาน: ปกติ | น้ำแข็ง: ปกติ', 40.00),
	(138, 119, 18, NULL, 1, 'ขนาด: ธรรมดา | หวาน: ปกติ | น้ำแข็ง: ปกติ', 40.00),
	(139, 120, 18, NULL, 1, 'ขนาด: ธรรมดา | หวาน: ปกติ | น้ำแข็ง: ไม่ใส่น้ำแข็ง', 40.00),
	(140, 121, 10, NULL, 1, 'ขนาด: ธรรมดา | หวาน: ปกติ | น้ำแข็ง: ปกติ', 40.00),
	(141, 122, 9, NULL, 1, 'ขนาด: ธรรมดา | หวาน: ปกติ | น้ำแข็ง: ปกติ', 40.00),
	(142, 122, 18, NULL, 1, 'ขนาด: ธรรมดา | หวาน: ปกติ | น้ำแข็ง: ปกติ', 40.00),
	(143, 122, 23, NULL, 1, 'ขนาด: ธรรมดา | หวาน: ปกติ | น้ำแข็ง: ปกติ', 40.00),
	(144, 123, 10, NULL, 1, 'ขนาด: ธรรมดา | หวาน: ปกติ | น้ำแข็ง: ปกติ', 40.00),
	(145, 123, 18, NULL, 1, 'ขนาด: ธรรมดา | หวาน: ปกติ | น้ำแข็ง: ปกติ', 40.00),
	(146, 124, 10, NULL, 1, 'ขนาด: ธรรมดา | หวาน: ปกติ | น้ำแข็ง: ปกติ', 40.00),
	(147, 125, 11, NULL, 1, 'ขนาด: ธรรมดา | หวาน: ปกติ | น้ำแข็ง: ปกติ', 40.00),
	(148, 126, 12, NULL, 1, 'ขนาด: ธรรมดา | หวาน: ปกติ | น้ำแข็ง: ปกติ', 40.00),
	(149, 127, 12, NULL, 1, 'ขนาด: ธรรมดา | หวาน: ปกติ | น้ำแข็ง: ปกติ', 40.00),
	(150, 128, 18, NULL, 1, 'ขนาด: ธรรมดา | หวาน: ปกติ | น้ำแข็ง: ปกติ', 40.00),
	(151, 129, 8, NULL, 1, 'ขนาด: ธรรมดา | หวาน: ปกติ | น้ำแข็ง: ปกติ', 40.00),
	(152, 130, 11, NULL, 1, 'ขนาด: ธรรมดา | หวาน: ปกติ | น้ำแข็ง: ปกติ', 40.00),
	(153, 131, 12, NULL, 1, 'ขนาด: ธรรมดา | หวาน: ปกติ | น้ำแข็ง: ปกติ', 40.00),
	(154, 132, 11, NULL, 1, 'ขนาด: ธรรมดา | หวาน: ปกติ | น้ำแข็ง: ปกติ', 40.00),
	(155, 133, 11, NULL, 1, 'ขนาด: ธรรมดา | หวาน: ปกติ | น้ำแข็ง: ปกติ', 40.00),
	(156, 133, 18, NULL, 1, 'ขนาด: ธรรมดา | หวาน: ปกติ | น้ำแข็ง: ปกติ', 40.00),
	(157, 134, 11, NULL, 1, 'ขนาด: ธรรมดา | หวาน: ปกติ | น้ำแข็ง: ปกติ', 40.00),
	(158, 135, 12, NULL, 1, 'ขนาด: ธรรมดา | หวาน: ปกติ | น้ำแข็ง: ปกติ', 40.00),
	(159, 136, 8, NULL, 2, 'ขนาด: ธรรมดา | หวาน: ปกติ | น้ำแข็ง: ปกติ', 80.00),
	(160, 137, 11, NULL, 1, 'ขนาด: ธรรมดา | หวาน: ปกติ | น้ำแข็ง: ปกติ', 40.00),
	(161, 138, 8, NULL, 1, 'ขนาด: ธรรมดา | หวาน: ปกติ | น้ำแข็ง: ปกติ', 40.00),
	(162, 138, 7, NULL, 1, 'ขนาด: ธรรมดา | หวาน: ปกติ | น้ำแข็ง: ปกติ', 40.00),
	(163, 138, 17, NULL, 1, 'ขนาด: ธรรมดา | หวาน: ปกติ | น้ำแข็ง: ปกติ', 40.00),
	(164, 138, 18, NULL, 2, 'ขนาด: ธรรมดา | หวาน: ปกติ | น้ำแข็ง: ปกติ', 80.00),
	(165, 139, 9, NULL, 1, 'ขนาด: ธรรมดา | หวาน: ปกติ | น้ำแข็ง: ปกติ', 40.00),
	(166, 140, 9, NULL, 1, 'ขนาด: ธรรมดา | หวาน: ปกติ | น้ำแข็ง: ปกติ', 40.00);

-- Dumping structure for table psu_blue_cafe.promotions
CREATE TABLE IF NOT EXISTS `promotions` (
  `promo_id` int(11) NOT NULL AUTO_INCREMENT,
  `menu_id` int(11) NOT NULL,
  `promo_name` varchar(100) NOT NULL,
  `start_date` datetime NOT NULL,
  `end_date` datetime NOT NULL,
  `discount` int(11) NOT NULL,
  PRIMARY KEY (`promo_id`),
  KEY `fk_promotions_menu` (`menu_id`),
  CONSTRAINT `fk_promotions_menu` FOREIGN KEY (`menu_id`) REFERENCES `menu` (`menu_id`) ON DELETE CASCADE ON UPDATE CASCADE
) ENGINE=InnoDB DEFAULT CHARSET=utf8mb4 COLLATE=utf8mb4_unicode_ci;

-- Dumping data for table psu_blue_cafe.promotions: ~0 rows (approximately)

-- Dumping structure for table psu_blue_cafe.users
CREATE TABLE IF NOT EXISTS `users` (
  `user_id` int(11) NOT NULL AUTO_INCREMENT,
  `username` varchar(50) NOT NULL,
  `password` varchar(255) NOT NULL,
  `student_ID` int(11) NOT NULL,
  `name` varchar(100) NOT NULL,
  `role` enum('admin','employee') NOT NULL DEFAULT 'employee',
  PRIMARY KEY (`user_id`),
  UNIQUE KEY `username` (`username`)
) ENGINE=InnoDB AUTO_INCREMENT=4 DEFAULT CHARSET=utf8mb4 COLLATE=utf8mb4_general_ci;

-- Dumping data for table psu_blue_cafe.users: ~3 rows (approximately)
INSERT IGNORE INTO `users` (`user_id`, `username`, `password`, `student_ID`, `name`, `role`) VALUES
	(1, 'admin1', '81dc9bdb52d04dc20036dbd8313ed055', 65010001, 'แอดมินใหญ่', 'admin'),
	(2, 'front1', '81dc9bdb52d04dc20036dbd8313ed055', 65010002, 'พนักงานหน้าร้าน', 'employee'),
	(3, 'a1', '81dc9bdb52d04dc20036dbd8313ed055', 65010002, 'พนักงานหน้าร้าน', 'employee');

/*!40103 SET TIME_ZONE=IFNULL(@OLD_TIME_ZONE, 'system') */;
/*!40101 SET SQL_MODE=IFNULL(@OLD_SQL_MODE, '') */;
/*!40014 SET FOREIGN_KEY_CHECKS=IFNULL(@OLD_FOREIGN_KEY_CHECKS, 1) */;
/*!40101 SET CHARACTER_SET_CLIENT=@OLD_CHARACTER_SET_CLIENT */;
/*!40111 SET SQL_NOTES=IFNULL(@OLD_SQL_NOTES, 1) */;
